1,foo,easy batch rocks! #EasyBatch
2,foo,easy batch rocks! #EasyBatch
3,toto,@foo @bar @baz yeah! kinda KISS framework @foo @bar @baz yeah! kinda KISS framework @foo @bar @baz yeah! kinda KISS framework @foo @bar @baz yeah! kinda KISS framework
4,foo,easy batch rocks! #EasyBatch
5,foo,easy batch rocks! #EasyBatch
6,foo,easy batch rocks! #EasyBatch
7,foo,easy batch rocks! #EasyBatch
8,toto,@foo @bar @baz yeah! kinda KISS framework @foo @bar @baz yeah! kinda KISS framework @foo @bar @baz yeah! kinda KISS framework @foo @bar @baz yeah! kinda KISS framework
9,foo,easy batch rocks! #EasyBatch
10,foo,easy batch rocks! #EasyBatch
