sequence,name
1,Tommy
2,Harry,Smith
x,Ben
1,Tommy
2,Harry,Smith
x,Ben
1,Tommy
2,Harry,Smith
x,Ben
1,Tommy
2,Harry,Smith
x,Ben
1,Tommy
2,Harry,Smith
x,Ben
1,Tommy
2,Harry,Smith
x,Ben
1,Tommy
2,Harry,Smith
x,Ben
1,Tommy
2,Harry,Smith
x,Ben
1,Tommy
2,Harry,Smith
x,Ben
1,Tommy
2,Harry,Smith
x,Ben
1,Tommy
2,Harry,Smith
x,Ben
1,Tommy
2,Harry,Smith
x,Ben
1,Tommy
2,Harry,Smith
x,Ben
1,Tommy
2,Harry,Smith
x,Ben
1,Tommy
2,Harry,Smith
x,Ben
1,Tommy
2,Harry,Smith
x,Ben
1,Tommy
2,Harry,Smith
x,Ben
1,Tommy
2,Harry,Smith
x,Ben
1,Tommy
2,Harry,Smith
x,Ben
1,Tommy
2,Harry,Smith
x,Ben
1,Tommy
2,Harry,Smith
x,Ben
1,Tommy
2,Harry,Smith
x,Ben
1,Tommy
2,Harry,Smith
x,Ben
1,Tommy
2,Harry,Smith
x,Ben
1,Tommy
2,Harry,Smith
x,Ben
1,Tommy
2,Harry,Smith
x,Ben
1,Tommy
2,Harry,Smith
x,Ben
1,Tommy
2,Harry,Smith
x,Ben
1,Tommy
2,Harry,Smith
x,Ben
1,Tommy
2,Harry,Smith
x,Ben
1,Tommy
2,Harry,Smith
x,Ben
1,Tommy
2,Harry,Smith
x,Ben
1,Tommy
2,Harry,Smith
x,Ben
1,Tommy
2,Harry,Smith
x,Ben
1,Tommy
2,Harry,Smith
x,Ben
1,Tommy
2,Harry,Smith
x,Ben
1,Tommy
2,Harry,Smith
x,Ben
1,Tommy
2,Harry,Smith
x,Ben
1,Tommy
2,Harry,Smith
x,Ben
1,Tommy
2,Harry,Smith
x,Ben
1,Tommy
2,Harry,Smith
x,Ben
1,Tommy
2,Harry,Smith
x,Ben
1,Tommy
2,Harry,Smith
x,Ben
1,Tommy
2,Harry,Smith
x,Ben
1,Tommy
2,Harry,Smith
x,Ben
1,Tommy
2,Harry,Smith
x,Ben
1,Tommy
2,Harry,Smith
x,Ben
1,Tommy
2,Harry,Smith
x,Ben
1,Tommy
2,Harry,Smith
x,Ben
1,Tommy
2,Harry,Smith
x,Ben
1,Tommy
2,Harry,Smith
x,Ben
1,Tommy
2,Harry,Smith
x,Ben
1,Tommy
2,Harry,Smith
x,Ben
1,Tommy
2,Harry,Smith
x,Ben
1,Tommy
2,Harry,Smith
x,Ben
1,Tommy
2,Harry,Smith
x,Ben
1,Tommy
2,Harry,Smith
x,Ben
1,Tommy
2,Harry,Smith
x,Ben
1,Tommy
2,Harry,Smith
x,Ben
1,Tommy
2,Harry,Smith
x,Ben
1,Tommy
2,Harry,Smith
x,Ben
1,Tommy
2,Harry,Smith
x,Ben
1,Tommy
2,Harry,Smith
x,Ben
1,Tommy
2,Harry,Smith
x,Ben
1,Tommy
2,Harry,Smith
x,Ben
1,Tommy
2,Harry,Smith
x,Ben
1,Tommy
2,Harry,Smith
x,Ben
1,Tommy
2,Harry,Smith
x,Ben
1,Tommy
2,Harry,Smith
x,Ben
1,Tommy
2,Harry,Smith
x,Ben
1,Tommy
2,Harry,Smith
x,Ben
1,Tommy
2,Harry,Smith
x,Ben
1,Tommy
2,Harry,Smith
x,Ben
1,Tommy
2,Harry,Smith
x,Ben
1,Tommy
2,Harry,Smith
x,Ben
1,Tommy
2,Harry,Smith
x,Ben
1,Tommy
2,Harry,Smith
x,Ben
1,Tommy
2,Harry,Smith
x,Ben
1,Tommy
2,Harry,Smith
x,Ben
1,Tommy
2,Harry,Smith
x,Ben
1,Tommy
2,Harry,Smith
x,Ben
1,Tommy
2,Harry,Smith
x,Ben
1,Tommy
2,Harry,Smith
x,Ben
1,Tommy
2,Harry,Smith
x,Ben
1,Tommy
2,Harry,Smith
x,Ben
1,Tommy
2,Harry,Smith
x,Ben
1,Tommy
2,Harry,Smith
x,Ben
1,Tommy
2,Harry,Smith
x,Ben
1,Tommy
2,Harry,Smith
x,Ben
1,Tommy
2,Harry,Smith
x,Ben
1,Tommy
2,Harry,Smith
x,Ben
1,Tommy
2,Harry,Smith
x,Ben
1,Tommy
2,Harry,Smith
x,Ben
1,Tommy
2,Harry,Smith
x,Ben
1,Tommy
2,Harry,Smith
x,Ben
1,Tommy
2,Harry,Smith
x,Ben
1,Tommy
2,Harry,Smith
x,Ben
1,Tommy
2,Harry,Smith
x,Ben
1,Tommy
2,Harry,Smith
x,Ben
1,Tommy
2,Harry,Smith
x,Ben
1,Tommy
2,Harry,Smith
x,Ben
1,Tommy
2,Harry,Smith
x,Ben
1,Tommy
2,Harry,Smith
x,Ben
1,Tommy
2,Harry,Smith
x,Ben
1,Tommy
2,Harry,Smith
x,Ben
1,Tommy
2,Harry,Smith
x,Ben
1,Tommy
2,Harry,Smith
x,Ben
1,Tommy
2,Harry,Smith
x,Ben
1,Tommy
2,Harry,Smith
x,Ben
1,Tommy
2,Harry,Smith
x,Ben
1,Tommy
2,Harry,Smith
x,Ben
1,Tommy
2,Harry,Smith
x,Ben
1,Tommy
2,Harry,Smith
x,Ben
1,Tommy
2,Harry,Smith
x,Ben
1,Tommy
2,Harry,Smith
x,Ben
1,Tommy
2,Harry,Smith
x,Ben
1,Tommy
2,Harry,Smith
x,Ben
1,Tommy
2,Harry,Smith
x,Ben
1,Tommy
2,Harry,Smith
x,Ben
1,Tommy
2,Harry,Smith
x,Ben
1,Tommy
2,Harry,Smith
x,Ben
1,Tommy
2,Harry,Smith
x,Ben
1,Tommy
2,Harry,Smith
x,Ben
1,Tommy
2,Harry,Smith
x,Ben
1,Tommy
2,Harry,Smith
x,Ben
1,Tommy
2,Harry,Smith
x,Ben
1,Tommy
2,Harry,Smith
x,Ben
1,Tommy
2,Harry,Smith
x,Ben
1,Tommy
2,Harry,Smith
x,Ben
1,Tommy
2,Harry,Smith
x,Ben
1,Tommy
2,Harry,Smith
x,Ben
1,Tommy
2,Harry,Smith
x,Ben
1,Tommy
2,Harry,Smith
x,Ben
1,Tommy
2,Harry,Smith
x,Ben
1,Tommy
2,Harry,Smith
x,Ben
1,Tommy
2,Harry,Smith
x,Ben
1,Tommy
2,Harry,Smith
x,Ben
1,Tommy
2,Harry,Smith
x,Ben
1,Tommy
2,Harry,Smith
x,Ben
1,Tommy
2,Harry,Smith
x,Ben
1,Tommy
2,Harry,Smith
x,Ben
1,Tommy
2,Harry,Smith
x,Ben
1,Tommy
2,Harry,Smith
x,Ben
1,Tommy
2,Harry,Smith
x,Ben
1,Tommy
2,Harry,Smith
x,Ben
1,Tommy
2,Harry,Smith
x,Ben
1,Tommy
2,Harry,Smith
x,Ben
1,Tommy
2,Harry,Smith
x,Ben
1,Tommy
2,Harry,Smith
x,Ben
1,Tommy
2,Harry,Smith
x,Ben
1,Tommy
2,Harry,Smith
x,Ben
1,Tommy
2,Harry,Smith
x,Ben
1,Tommy
2,Harry,Smith
x,Ben
1,Tommy
2,Harry,Smith
x,Ben
1,Tommy
2,Harry,Smith
x,Ben
1,Tommy
2,Harry,Smith
x,Ben
1,Tommy
2,Harry,Smith
x,Ben
1,Tommy
2,Harry,Smith
x,Ben
1,Tommy
2,Harry,Smith
x,Ben
1,Tommy
2,Harry,Smith
x,Ben
1,Tommy
2,Harry,Smith
x,Ben
1,Tommy
2,Harry,Smith
x,Ben
1,Tommy
2,Harry,Smith
x,Ben
1,Tommy
2,Harry,Smith
x,Ben
1,Tommy
2,Harry,Smith
x,Ben
1,Tommy
2,Harry,Smith
x,Ben
1,Tommy
2,Harry,Smith
x,Ben
1,Tommy
2,Harry,Smith
x,Ben
1,Tommy
2,Harry,Smith
x,Ben
1,Tommy
2,Harry,Smith
x,Ben
1,Tommy
2,Harry,Smith
x,Ben
1,Tommy
2,Harry,Smith
x,Ben
1,Tommy
2,Harry,Smith
x,Ben
1,Tommy
2,Harry,Smith
x,Ben
1,Tommy
2,Harry,Smith
x,Ben
1,Tommy
2,Harry,Smith
x,Ben
1,Tommy
2,Harry,Smith
x,Ben
1,Tommy
2,Harry,Smith
x,Ben
1,Tommy
2,Harry,Smith
x,Ben
1,Tommy
2,Harry,Smith
x,Ben
1,Tommy
2,Harry,Smith
x,Ben
1,Tommy
2,Harry,Smith
x,Ben
1,Tommy
2,Harry,Smith
x,Ben
1,Tommy
2,Harry,Smith
x,Ben
1,Tommy
2,Harry,Smith
x,Ben
1,Tommy
2,Harry,Smith
x,Ben
1,Tommy
2,Harry,Smith
x,Ben
1,Tommy
2,Harry,Smith
x,Ben
1,Tommy
2,Harry,Smith
x,Ben
1,Tommy
2,Harry,Smith
x,Ben
1,Tommy
2,Harry,Smith
x,Ben
1,Tommy
2,Harry,Smith
x,Ben
1,Tommy
2,Harry,Smith
x,Ben
1,Tommy
2,Harry,Smith
x,Ben
1,Tommy
2,Harry,Smith
x,Ben
1,Tommy
2,Harry,Smith
x,Ben
1,Tommy
2,Harry,Smith
x,Ben
1,Tommy
2,Harry,Smith
x,Ben
1,Tommy
2,Harry,Smith
x,Ben
1,Tommy
2,Harry,Smith
x,Ben
1,Tommy
2,Harry,Smith
x,Ben
1,Tommy
2,Harry,Smith
x,Ben
1,Tommy
2,Harry,Smith
x,Ben
1,Tommy
2,Harry,Smith
x,Ben
1,Tommy
2,Harry,Smith
x,Ben
1,Tommy
2,Harry,Smith
x,Ben
1,Tommy
2,Harry,Smith
x,Ben
1,Tommy
2,Harry,Smith
x,Ben
1,Tommy
2,Harry,Smith
x,Ben
1,Tommy
2,Harry,Smith
x,Ben
1,Tommy
2,Harry,Smith
x,Ben
1,Tommy
2,Harry,Smith
x,Ben
1,Tommy
2,Harry,Smith
x,Ben
1,Tommy
2,Harry,Smith
x,Ben
1,Tommy
2,Harry,Smith
x,Ben
1,Tommy
2,Harry,Smith
x,Ben
1,Tommy
2,Harry,Smith
x,Ben
1,Tommy
2,Harry,Smith
x,Ben
1,Tommy
2,Harry,Smith
x,Ben
1,Tommy
2,Harry,Smith
x,Ben
1,Tommy
2,Harry,Smith
x,Ben
1,Tommy
2,Harry,Smith
x,Ben
1,Tommy
2,Harry,Smith
x,Ben
1,Tommy
2,Harry,Smith
x,Ben
1,Tommy
2,Harry,Smith
x,Ben
1,Tommy
2,Harry,Smith
x,Ben
1,Tommy
2,Harry,Smith
x,Ben
1,Tommy
2,Harry,Smith
x,Ben
1,Tommy
2,Harry,Smith
x,Ben
1,Tommy
2,Harry,Smith
x,Ben
1,Tommy
2,Harry,Smith
x,Ben
1,Tommy
2,Harry,Smith
x,Ben
1,Tommy
2,Harry,Smith
x,Ben
1,Tommy
2,Harry,Smith
x,Ben
1,Tommy
2,Harry,Smith
x,Ben
1,Tommy
2,Harry,Smith
x,Ben
1,Tommy
2,Harry,Smith
x,Ben
1,Tommy
2,Harry,Smith
x,Ben
1,Tommy
2,Harry,Smith
x,Ben
1,Tommy
2,Harry,Smith
x,Ben
1,Tommy
2,Harry,Smith
x,Ben
1,Tommy
2,Harry,Smith
x,Ben
1,Tommy
2,Harry,Smith
x,Ben
1,Tommy
2,Harry,Smith
x,Ben
1,Tommy
2,Harry,Smith
x,Ben
1,Tommy
2,Harry,Smith
x,Ben
1,Tommy
2,Harry,Smith
x,Ben
1,Tommy
2,Harry,Smith
x,Ben
1,Tommy
2,Harry,Smith
x,Ben
1,Tommy
2,Harry,Smith
x,Ben
1,Tommy
2,Harry,Smith
x,Ben
1,Tommy
2,Harry,Smith
x,Ben
1,Tommy
2,Harry,Smith
x,Ben
1,Tommy
2,Harry,Smith
x,Ben
1,Tommy
2,Harry,Smith
x,Ben
1,Tommy
2,Harry,Smith
x,Ben
1,Tommy
2,Harry,Smith
x,Ben
1,Tommy
2,Harry,Smith
x,Ben
1,Tommy
2,Harry,Smith
x,Ben
1,Tommy
2,Harry,Smith
x,Ben
1,Tommy
2,Harry,Smith
x,Ben
1,Tommy
2,Harry,Smith
x,Ben
1,Tommy
2,Harry,Smith
x,Ben
1,Tommy
2,Harry,Smith
x,Ben
1,Tommy
2,Harry,Smith
x,Ben
1,Tommy
2,Harry,Smith
x,Ben
1,Tommy
2,Harry,Smith
x,Ben
1,Tommy
2,Harry,Smith
x,Ben
1,Tommy
2,Harry,Smith
x,Ben
1,Tommy
2,Harry,Smith
x,Ben
1,Tommy
2,Harry,Smith
x,Ben
1,Tommy
2,Harry,Smith
x,Ben
1,Tommy
2,Harry,Smith
x,Ben
1,Tommy
2,Harry,Smith
x,Ben
1,Tommy
2,Harry,Smith
x,Ben
1,Tommy
2,Harry,Smith
x,Ben
1,Tommy
2,Harry,Smith
x,Ben
1,Tommy
2,Harry,Smith
x,Ben
1,Tommy
2,Harry,Smith
x,Ben
1,Tommy
2,Harry,Smith
x,Ben
1,Tommy
2,Harry,Smith
x,Ben
1,Tommy
2,Harry,Smith
x,Ben
1,Tommy
2,Harry,Smith
x,Ben
1,Tommy
2,Harry,Smith
x,Ben
1,Tommy
2,Harry,Smith
x,Ben
1,Tommy
2,Harry,Smith
x,Ben
1,Tommy
2,Harry,Smith
x,Ben
1,Tommy
2,Harry,Smith
x,Ben
1,Tommy
2,Harry,Smith
x,Ben
1,Tommy
2,Harry,Smith
x,Ben
1,Tommy
2,Harry,Smith
x,Ben
1,Tommy
2,Harry,Smith
x,Ben
1,Tommy
2,Harry,Smith
x,Ben
1,Tommy
2,Harry,Smith
x,Ben
1,Tommy
2,Harry,Smith
x,Ben
1,Tommy
2,Harry,Smith
x,Ben
1,Tommy
2,Harry,Smith
x,Ben
1,Tommy
2,Harry,Smith
x,Ben
1,Tommy
2,Harry,Smith
x,Ben
1,Tommy
2,Harry,Smith
x,Ben
1,Tommy
2,Harry,Smith
x,Ben
1,Tommy
2,Harry,Smith
x,Ben
1,Tommy
2,Harry,Smith
x,Ben
1,Tommy
2,Harry,Smith
x,Ben
1,Tommy
2,Harry,Smith
x,Ben
1,Tommy
2,Harry,Smith
x,Ben
1,Tommy
2,Harry,Smith
x,Ben
1,Tommy
2,Harry,Smith
x,Ben
1,Tommy
2,Harry,Smith
x,Ben
1,Tommy
2,Harry,Smith
x,Ben
1,Tommy
2,Harry,Smith
x,Ben
1,Tommy
2,Harry,Smith
x,Ben
1,Tommy
2,Harry,Smith
x,Ben
1,Tommy
2,Harry,Smith
x,Ben
1,Tommy
2,Harry,Smith
x,Ben
1,Tommy
2,Harry,Smith
x,Ben
1,Tommy
2,Harry,Smith
x,Ben
1,Tommy
2,Harry,Smith
x,Ben
1,Tommy
2,Harry,Smith
x,Ben
1,Tommy
2,Harry,Smith
x,Ben
1,Tommy
2,Harry,Smith
x,Ben
1,Tommy
2,Harry,Smith
x,Ben
1,Tommy
2,Harry,Smith
x,Ben
1,Tommy
2,Harry,Smith
x,Ben
1,Tommy
2,Harry,Smith
x,Ben
1,Tommy
2,Harry,Smith
x,Ben
1,Tommy
2,Harry,Smith
x,Ben
1,Tommy
2,Harry,Smith
x,Ben
1,Tommy
2,Harry,Smith
x,Ben
1,Tommy
2,Harry,Smith
x,Ben
1,Tommy
2,Harry,Smith
x,Ben
1,Tommy
2,Harry,Smith
x,Ben
1,Tommy
2,Harry,Smith
x,Ben
1,Tommy
2,Harry,Smith
x,Ben
1,Tommy
2,Harry,Smith
x,Ben
1,Tommy
2,Harry,Smith
x,Ben
1,Tommy
2,Harry,Smith
x,Ben
1,Tommy
2,Harry,Smith
x,Ben
1,Tommy
2,Harry,Smith
x,Ben
1,Tommy
2,Harry,Smith
x,Ben
1,Tommy
2,Harry,Smith
x,Ben
1,Tommy
2,Harry,Smith
x,Ben
1,Tommy
2,Harry,Smith
x,Ben
1,Tommy
2,Harry,Smith
x,Ben
1,Tommy
2,Harry,Smith
x,Ben
1,Tommy
2,Harry,Smith
x,Ben
1,Tommy
2,Harry,Smith
x,Ben
1,Tommy
2,Harry,Smith
x,Ben
1,Tommy
2,Harry,Smith
x,Ben
1,Tommy
2,Harry,Smith
x,Ben
1,Tommy
2,Harry,Smith
x,Ben
1,Tommy
2,Harry,Smith
x,Ben
1,Tommy
2,Harry,Smith
x,Ben
1,Tommy
2,Harry,Smith
x,Ben
1,Tommy
2,Harry,Smith
x,Ben
1,Tommy
2,Harry,Smith
x,Ben
1,Tommy
2,Harry,Smith
x,Ben
1,Tommy
2,Harry,Smith
x,Ben
1,Tommy
2,Harry,Smith
x,Ben
1,Tommy
2,Harry,Smith
x,Ben
1,Tommy
2,Harry,Smith
x,Ben
1,Tommy
2,Harry,Smith
x,Ben
1,Tommy
2,Harry,Smith
x,Ben
1,Tommy
2,Harry,Smith
x,Ben
1,Tommy
2,Harry,Smith
x,Ben
1,Tommy
2,Harry,Smith
x,Ben
1,Tommy
2,Harry,Smith
x,Ben
1,Tommy
2,Harry,Smith
x,Ben
1,Tommy
2,Harry,Smith
x,Ben
1,Tommy
2,Harry,Smith
x,Ben
1,Tommy
2,Harry,Smith
x,Ben
1,Tommy
2,Harry,Smith
x,Ben
1,Tommy
2,Harry,Smith
x,Ben
1,Tommy
2,Harry,Smith
x,Ben
1,Tommy
2,Harry,Smith
x,Ben
1,Tommy
2,Harry,Smith
x,Ben
1,Tommy
2,Harry,Smith
x,Ben
1,Tommy
2,Harry,Smith
x,Ben
1,Tommy
2,Harry,Smith
x,Ben
1,Tommy
2,Harry,Smith
x,Ben
1,Tommy
2,Harry,Smith
x,Ben
1,Tommy
2,Harry,Smith
x,Ben
1,Tommy
2,Harry,Smith
x,Ben
1,Tommy
2,Harry,Smith
x,Ben
1,Tommy
2,Harry,Smith
x,Ben
1,Tommy
2,Harry,Smith
x,Ben
1,Tommy
2,Harry,Smith
x,Ben
1,Tommy
2,Harry,Smith
x,Ben
1,Tommy
2,Harry,Smith
x,Ben
1,Tommy
2,Harry,Smith
x,Ben
1,Tommy
2,Harry,Smith
x,Ben
1,Tommy
2,Harry,Smith
x,Ben
1,Tommy
2,Harry,Smith
x,Ben
1,Tommy
2,Harry,Smith
x,Ben
1,Tommy
2,Harry,Smith
x,Ben
1,Tommy
2,Harry,Smith
x,Ben
1,Tommy
2,Harry,Smith
x,Ben
1,Tommy
2,Harry,Smith
x,Ben
1,Tommy
2,Harry,Smith
x,Ben
1,Tommy
2,Harry,Smith
x,Ben
1,Tommy
2,Harry,Smith
x,Ben
1,Tommy
2,Harry,Smith
x,Ben
1,Tommy
2,Harry,Smith
x,Ben
1,Tommy
2,Harry,Smith
x,Ben
1,Tommy
2,Harry,Smith
x,Ben
1,Tommy
2,Harry,Smith
x,Ben
1,Tommy
2,Harry,Smith
x,Ben
1,Tommy
2,Harry,Smith
x,Ben
1,Tommy
2,Harry,Smith
x,Ben
1,Tommy
2,Harry,Smith
x,Ben
1,Tommy
2,Harry,Smith
x,Ben
1,Tommy
2,Harry,Smith
x,Ben
1,Tommy
2,Harry,Smith
x,Ben
1,Tommy
2,Harry,Smith
x,Ben
1,Tommy
2,Harry,Smith
x,Ben
1,Tommy
2,Harry,Smith
x,Ben
1,Tommy
2,Harry,Smith
x,Ben
1,Tommy
2,Harry,Smith
x,Ben
1,Tommy
2,Harry,Smith
x,Ben
1,Tommy
2,Harry,Smith
x,Ben
1,Tommy
2,Harry,Smith
x,Ben
1,Tommy
2,Harry,Smith
x,Ben
1,Tommy
2,Harry,Smith
x,Ben
1,Tommy
2,Harry,Smith
x,Ben
1,Tommy
2,Harry,Smith
x,Ben
1,Tommy
2,Harry,Smith
x,Ben
1,Tommy
2,Harry,Smith
x,Ben
1,Tommy
2,Harry,Smith
x,Ben
1,Tommy
2,Harry,Smith
x,Ben
1,Tommy
2,Harry,Smith
x,Ben
1,Tommy
2,Harry,Smith
x,Ben
1,Tommy
2,Harry,Smith
x,Ben
1,Tommy
2,Harry,Smith
x,Ben
1,Tommy
2,Harry,Smith
x,Ben
1,Tommy
2,Harry,Smith
x,Ben
1,Tommy
2,Harry,Smith
x,Ben
1,Tommy
2,Harry,Smith
x,Ben
1,Tommy
2,Harry,Smith
x,Ben
1,Tommy
2,Harry,Smith
x,Ben
1,Tommy
2,Harry,Smith
x,Ben
1,Tommy
2,Harry,Smith
x,Ben
1,Tommy
2,Harry,Smith
x,Ben
1,Tommy
2,Harry,Smith
x,Ben
1,Tommy
2,Harry,Smith
x,Ben
1,Tommy
2,Harry,Smith
x,Ben
1,Tommy
2,Harry,Smith
x,Ben
1,Tommy
2,Harry,Smith
x,Ben
1,Tommy
2,Harry,Smith
x,Ben
1,Tommy
2,Harry,Smith
x,Ben
1,Tommy
2,Harry,Smith
x,Ben
1,Tommy
2,Harry,Smith
x,Ben
1,Tommy
2,Harry,Smith
x,Ben
1,Tommy
2,Harry,Smith
x,Ben
1,Tommy
2,Harry,Smith
x,Ben
1,Tommy
2,Harry,Smith
x,Ben
1,Tommy
2,Harry,Smith
x,Ben
1,Tommy
2,Harry,Smith
x,Ben
1,Tommy
2,Harry,Smith
x,Ben
1,Tommy
2,Harry,Smith
x,Ben
1,Tommy
2,Harry,Smith
x,Ben
1,Tommy
2,Harry,Smith
x,Ben
1,Tommy
2,Harry,Smith
x,Ben
1,Tommy
2,Harry,Smith
x,Ben
1,Tommy
2,Harry,Smith
x,Ben
1,Tommy
2,Harry,Smith
x,Ben
1,Tommy
2,Harry,Smith
x,Ben
1,Tommy
2,Harry,Smith
x,Ben
1,Tommy
2,Harry,Smith
x,Ben
1,Tommy
2,Harry,Smith
x,Ben
1,Tommy
2,Harry,Smith
x,Ben
1,Tommy
2,Harry,Smith
x,Ben
1,Tommy
2,Harry,Smith
x,Ben
1,Tommy
2,Harry,Smith
x,Ben
1,Tommy
2,Harry,Smith
x,Ben
1,Tommy
2,Harry,Smith
x,Ben
1,Tommy
2,Harry,Smith
x,Ben
1,Tommy
2,Harry,Smith
x,Ben
1,Tommy
2,Harry,Smith
x,Ben
1,Tommy
2,Harry,Smith
x,Ben
1,Tommy
2,Harry,Smith
x,Ben
1,Tommy
2,Harry,Smith
x,Ben
1,Tommy
2,Harry,Smith
x,Ben
1,Tommy
2,Harry,Smith
x,Ben
1,Tommy
2,Harry,Smith
x,Ben
1,Tommy
2,Harry,Smith
x,Ben
1,Tommy
2,Harry,Smith
x,Ben
1,Tommy
2,Harry,Smith
x,Ben
1,Tommy
2,Harry,Smith
x,Ben
1,Tommy
2,Harry,Smith
x,Ben
1,Tommy
2,Harry,Smith
x,Ben
1,Tommy
2,Harry,Smith
x,Ben
1,Tommy
2,Harry,Smith
x,Ben
1,Tommy
2,Harry,Smith
x,Ben
1,Tommy
2,Harry,Smith
x,Ben
1,Tommy
2,Harry,Smith
x,Ben
1,Tommy
2,Harry,Smith
x,Ben
1,Tommy
2,Harry,Smith
x,Ben
1,Tommy
2,Harry,Smith
x,Ben
1,Tommy
2,Harry,Smith
x,Ben
1,Tommy
2,Harry,Smith
x,Ben
1,Tommy
2,Harry,Smith
x,Ben
1,Tommy
2,Harry,Smith
x,Ben
1,Tommy
2,Harry,Smith
x,Ben
1,Tommy
2,Harry,Smith
x,Ben
1,Tommy
2,Harry,Smith
x,Ben
1,Tommy
2,Harry,Smith
x,Ben
1,Tommy
2,Harry,Smith
x,Ben
1,Tommy
2,Harry,Smith
x,Ben
1,Tommy
2,Harry,Smith
x,Ben
1,Tommy
2,Harry,Smith
x,Ben
1,Tommy
2,Harry,Smith
x,Ben
1,Tommy
2,Harry,Smith
x,Ben
1,Tommy
2,Harry,Smith
x,Ben
1,Tommy
2,Harry,Smith
x,Ben
1,Tommy
2,Harry,Smith
x,Ben
1,Tommy
2,Harry,Smith
x,Ben
1,Tommy
2,Harry,Smith
x,Ben
1,Tommy
2,Harry,Smith
x,Ben
1,Tommy
2,Harry,Smith
x,Ben
1,Tommy
2,Harry,Smith
x,Ben
1,Tommy
2,Harry,Smith
x,Ben
1,Tommy
2,Harry,Smith
x,Ben
1,Tommy
2,Harry,Smith
x,Ben
1,Tommy
2,Harry,Smith
x,Ben
1,Tommy
2,Harry,Smith
x,Ben
1,Tommy
2,Harry,Smith
x,Ben
1,Tommy
2,Harry,Smith
x,Ben
1,Tommy
2,Harry,Smith
x,Ben
1,Tommy
2,Harry,Smith
x,Ben
1,Tommy
2,Harry,Smith
x,Ben
1,Tommy
2,Harry,Smith
x,Ben
1,Tommy
2,Harry,Smith
x,Ben
1,Tommy
2,Harry,Smith
x,Ben
1,Tommy
2,Harry,Smith
x,Ben
1,Tommy
2,Harry,Smith
x,Ben
1,Tommy
2,Harry,Smith
x,Ben
1,Tommy
2,Harry,Smith
x,Ben
1,Tommy
2,Harry,Smith
x,Ben
1,Tommy
2,Harry,Smith
x,Ben
1,Tommy
2,Harry,Smith
x,Ben
1,Tommy
2,Harry,Smith
x,Ben
1,Tommy
2,Harry,Smith
x,Ben
1,Tommy
2,Harry,Smith
x,Ben
1,Tommy
2,Harry,Smith
x,Ben
1,Tommy
2,Harry,Smith
x,Ben
1,Tommy
2,Harry,Smith
x,Ben
1,Tommy
2,Harry,Smith
x,Ben
1,Tommy
2,Harry,Smith
x,Ben
1,Tommy
2,Harry,Smith
x,Ben
1,Tommy
2,Harry,Smith
x,Ben
1,Tommy
2,Harry,Smith
x,Ben
1,Tommy
2,Harry,Smith
x,Ben
1,Tommy
2,Harry,Smith
x,Ben
1,Tommy
2,Harry,Smith
x,Ben
1,Tommy
2,Harry,Smith
x,Ben
1,Tommy
2,Harry,Smith
x,Ben
1,Tommy
2,Harry,Smith
x,Ben
1,Tommy
2,Harry,Smith
x,Ben
1,Tommy
2,Harry,Smith
x,Ben
1,Tommy
2,Harry,Smith
x,Ben
1,Tommy
2,Harry,Smith
x,Ben
1,Tommy
2,Harry,Smith
x,Ben
1,Tommy
2,Harry,Smith
x,Ben
1,Tommy
2,Harry,Smith
x,Ben
1,Tommy
2,Harry,Smith
x,Ben
1,Tommy
2,Harry,Smith
x,Ben
1,Tommy
2,Harry,Smith
x,Ben
1,Tommy
2,Harry,Smith
x,Ben
1,Tommy
2,Harry,Smith
x,Ben
1,Tommy
2,Harry,Smith
x,Ben
1,Tommy
2,Harry,Smith
x,Ben
1,Tommy
2,Harry,Smith
x,Ben
1,Tommy
2,Harry,Smith
x,Ben
1,Tommy
2,Harry,Smith
x,Ben
1,Tommy
2,Harry,Smith
x,Ben
1,Tommy
2,Harry,Smith
x,Ben
1,Tommy
2,Harry,Smith
x,Ben
1,Tommy
2,Harry,Smith
x,Ben
1,Tommy
2,Harry,Smith
x,Ben
1,Tommy
2,Harry,Smith
x,Ben
1,Tommy
2,Harry,Smith
x,Ben
1,Tommy
2,Harry,Smith
x,Ben
1,Tommy
2,Harry,Smith
x,Ben
1,Tommy
2,Harry,Smith
x,Ben
1,Tommy
2,Harry,Smith
x,Ben
1,Tommy
2,Harry,Smith
x,Ben
1,Tommy
2,Harry,Smith
x,Ben
1,Tommy
2,Harry,Smith
x,Ben
1,Tommy
2,Harry,Smith
x,Ben
1,Tommy
2,Harry,Smith
x,Ben
1,Tommy
2,Harry,Smith
x,Ben
1,Tommy
2,Harry,Smith
x,Ben
1,Tommy
2,Harry,Smith
x,Ben
1,Tommy
2,Harry,Smith
x,Ben
1,Tommy
2,Harry,Smith
x,Ben
1,Tommy
2,Harry,Smith
x,Ben
1,Tommy
2,Harry,Smith
x,Ben
1,Tommy
2,Harry,Smith
x,Ben
1,Tommy
2,Harry,Smith
x,Ben
1,Tommy
2,Harry,Smith
x,Ben
1,Tommy
2,Harry,Smith
x,Ben
1,Tommy
2,Harry,Smith
x,Ben
1,Tommy
2,Harry,Smith
x,Ben
1,Tommy
2,Harry,Smith
x,Ben
1,Tommy
2,Harry,Smith
x,Ben
1,Tommy
2,Harry,Smith
x,Ben
1,Tommy
2,Harry,Smith
x,Ben
1,Tommy
2,Harry,Smith
x,Ben
1,Tommy
2,Harry,Smith
x,Ben
1,Tommy
2,Harry,Smith
x,Ben
1,Tommy
2,Harry,Smith
x,Ben
1,Tommy
2,Harry,Smith
x,Ben
1,Tommy
2,Harry,Smith
x,Ben
1,Tommy
2,Harry,Smith
x,Ben
1,Tommy
2,Harry,Smith
x,Ben
1,Tommy
2,Harry,Smith
x,Ben
1,Tommy
2,Harry,Smith
x,Ben
1,Tommy
2,Harry,Smith
x,Ben
1,Tommy
2,Harry,Smith
x,Ben
1,Tommy
2,Harry,Smith
x,Ben
1,Tommy
2,Harry,Smith
x,Ben
1,Tommy
2,Harry,Smith
x,Ben
1,Tommy
2,Harry,Smith
x,Ben
1,Tommy
2,Harry,Smith
x,Ben
1,Tommy
2,Harry,Smith
x,Ben
1,Tommy
2,Harry,Smith
x,Ben
1,Tommy
2,Harry,Smith
x,Ben
1,Tommy
2,Harry,Smith
x,Ben
1,Tommy
2,Harry,Smith
x,Ben
1,Tommy
2,Harry,Smith
x,Ben
1,Tommy
2,Harry,Smith
x,Ben
1,Tommy
2,Harry,Smith
x,Ben
1,Tommy
2,Harry,Smith
x,Ben
1,Tommy
2,Harry,Smith
x,Ben
1,Tommy
2,Harry,Smith
x,Ben
1,Tommy
2,Harry,Smith
x,Ben
1,Tommy
2,Harry,Smith
x,Ben
1,Tommy
2,Harry,Smith
x,Ben
1,Tommy
2,Harry,Smith
x,Ben
1,Tommy
2,Harry,Smith
x,Ben
1,Tommy
2,Harry,Smith
x,Ben
1,Tommy
2,Harry,Smith
x,Ben
1,Tommy
2,Harry,Smith
x,Ben
1,Tommy
2,Harry,Smith
x,Ben
1,Tommy
2,Harry,Smith
x,Ben
1,Tommy
2,Harry,Smith
x,Ben
1,Tommy
2,Harry,Smith
x,Ben
1,Tommy
2,Harry,Smith
x,Ben
1,Tommy
2,Harry,Smith
x,Ben
1,Tommy
2,Harry,Smith
x,Ben
1,Tommy
2,Harry,Smith
x,Ben
1,Tommy
2,Harry,Smith
x,Ben
1,Tommy
2,Harry,Smith
x,Ben
1,Tommy
2,Harry,Smith
x,Ben
1,Tommy
2,Harry,Smith
x,Ben
1,Tommy
2,Harry,Smith
x,Ben
1,Tommy
2,Harry,Smith
x,Ben
1,Tommy
2,Harry,Smith
x,Ben
1,Tommy
2,Harry,Smith
x,Ben
1,Tommy
2,Harry,Smith
x,Ben
1,Tommy
2,Harry,Smith
x,Ben
1,Tommy
2,Harry,Smith
x,Ben
1,Tommy
2,Harry,Smith
x,Ben
1,Tommy
2,Harry,Smith
x,Ben
1,Tommy
2,Harry,Smith
x,Ben
1,Tommy
2,Harry,Smith
x,Ben
1,Tommy
2,Harry,Smith
x,Ben
1,Tommy
2,Harry,Smith
x,Ben
1,Tommy
2,Harry,Smith
x,Ben
1,Tommy
2,Harry,Smith
x,Ben
1,Tommy
2,Harry,Smith
x,Ben
1,Tommy
2,Harry,Smith
x,Ben
1,Tommy
2,Harry,Smith
x,Ben
1,Tommy
2,Harry,Smith
x,Ben
1,Tommy
2,Harry,Smith
x,Ben
1,Tommy
2,Harry,Smith
x,Ben
1,Tommy
2,Harry,Smith
x,Ben
1,Tommy
2,Harry,Smith
x,Ben
1,Tommy
2,Harry,Smith
x,Ben
1,Tommy
2,Harry,Smith
x,Ben
1,Tommy
2,Harry,Smith
x,Ben
1,Tommy
2,Harry,Smith
x,Ben
1,Tommy
2,Harry,Smith
x,Ben
1,Tommy
2,Harry,Smith
x,Ben
1,Tommy
2,Harry,Smith
x,Ben
1,Tommy
2,Harry,Smith
x,Ben
1,Tommy
2,Harry,Smith
x,Ben
1,Tommy
2,Harry,Smith
x,Ben
1,Tommy
2,Harry,Smith
x,Ben
1,Tommy
2,Harry,Smith
x,Ben
1,Tommy
2,Harry,Smith
x,Ben
1,Tommy
2,Harry,Smith
x,Ben
1,Tommy
2,Harry,Smith
x,Ben
1,Tommy
2,Harry,Smith
x,Ben
1,Tommy
2,Harry,Smith
x,Ben
1,Tommy
2,Harry,Smith
x,Ben
1,Tommy
2,Harry,Smith
x,Ben
1,Tommy
2,Harry,Smith
x,Ben
1,Tommy
2,Harry,Smith
x,Ben
1,Tommy
2,Harry,Smith
x,Ben
1,Tommy
2,Harry,Smith
x,Ben
1,Tommy
2,Harry,Smith
x,Ben
1,Tommy
2,Harry,Smith
x,Ben
1,Tommy
2,Harry,Smith
x,Ben
1,Tommy
2,Harry,Smith
x,Ben
1,Tommy
2,Harry,Smith
x,Ben
1,Tommy
2,Harry,Smith
x,Ben
1,Tommy
2,Harry,Smith
x,Ben
1,Tommy
2,Harry,Smith
x,Ben
1,Tommy
2,Harry,Smith
x,Ben
1,Tommy
2,Harry,Smith
x,Ben
1,Tommy
2,Harry,Smith
x,Ben
1,Tommy
2,Harry,Smith
x,Ben
1,Tommy
2,Harry,Smith
x,Ben
1,Tommy
2,Harry,Smith
x,Ben
1,Tommy
2,Harry,Smith
x,Ben
1,Tommy
2,Harry,Smith
x,Ben
1,Tommy
2,Harry,Smith
x,Ben
1,Tommy
2,Harry,Smith
x,Ben
1,Tommy
2,Harry,Smith
x,Ben
1,Tommy
2,Harry,Smith
x,Ben
1,Tommy
2,Harry,Smith
x,Ben
1,Tommy
2,Harry,Smith
x,Ben
1,Tommy
2,Harry,Smith
x,Ben
1,Tommy
2,Harry,Smith
x,Ben
1,Tommy
2,Harry,Smith
x,Ben
1,Tommy
2,Harry,Smith
x,Ben
1,Tommy
2,Harry,Smith
x,Ben
1,Tommy
2,Harry,Smith
x,Ben
1,Tommy
2,Harry,Smith
x,Ben
1,Tommy
2,Harry,Smith
x,Ben
1,Tommy
2,Harry,Smith
x,Ben
1,Tommy
2,Harry,Smith
x,Ben
1,Tommy
2,Harry,Smith
x,Ben
1,Tommy
2,Harry,Smith
x,Ben
1,Tommy
2,Harry,Smith
x,Ben
1,Tommy
2,Harry,Smith
x,Ben
1,Tommy
2,Harry,Smith
x,Ben
1,Tommy
2,Harry,Smith
x,Ben
1,Tommy
2,Harry,Smith
x,Ben
1,Tommy
2,Harry,Smith
x,Ben
1,Tommy
2,Harry,Smith
x,Ben
1,Tommy
2,Harry,Smith
x,Ben
1,Tommy
2,Harry,Smith
x,Ben
1,Tommy
2,Harry,Smith
x,Ben
1,Tommy
2,Harry,Smith
x,Ben
1,Tommy
2,Harry,Smith
x,Ben
1,Tommy
2,Harry,Smith
x,Ben
1,Tommy
2,Harry,Smith
x,Ben
1,Tommy
2,Harry,Smith
x,Ben
1,Tommy
2,Harry,Smith
x,Ben
1,Tommy
2,Harry,Smith
x,Ben
1,Tommy
2,Harry,Smith
x,Ben
1,Tommy
2,Harry,Smith
x,Ben
1,Tommy
2,Harry,Smith
x,Ben
1,Tommy
2,Harry,Smith
x,Ben
1,Tommy
2,Harry,Smith
x,Ben
1,Tommy
2,Harry,Smith
x,Ben
1,Tommy
2,Harry,Smith
x,Ben
1,Tommy
2,Harry,Smith
x,Ben
1,Tommy
2,Harry,Smith
x,Ben
1,Tommy
2,Harry,Smith
x,Ben
1,Tommy
2,Harry,Smith
x,Ben
1,Tommy
2,Harry,Smith
x,Ben
1,Tommy
2,Harry,Smith
x,Ben
1,Tommy
2,Harry,Smith
x,Ben
1,Tommy
2,Harry,Smith
x,Ben
1,Tommy
2,Harry,Smith
x,Ben
1,Tommy
2,Harry,Smith
x,Ben
1,Tommy
2,Harry,Smith
x,Ben
1,Tommy
2,Harry,Smith
x,Ben
1,Tommy
2,Harry,Smith
x,Ben
1,Tommy
2,Harry,Smith
x,Ben
1,Tommy
2,Harry,Smith
x,Ben
1,Tommy
2,Harry,Smith
x,Ben
1,Tommy
2,Harry,Smith
x,Ben
1,Tommy
2,Harry,Smith
x,Ben
1,Tommy
2,Harry,Smith
x,Ben
1,Tommy
2,Harry,Smith
x,Ben
1,Tommy
2,Harry,Smith
x,Ben
1,Tommy
2,Harry,Smith
x,Ben
1,Tommy
2,Harry,Smith
x,Ben
1,Tommy
2,Harry,Smith
x,Ben
1,Tommy
2,Harry,Smith
x,Ben
1,Tommy
2,Harry,Smith
x,Ben
1,Tommy
2,Harry,Smith
x,Ben
1,Tommy
2,Harry,Smith
x,Ben
1,Tommy
2,Harry,Smith
x,Ben
1,Tommy
2,Harry,Smith
x,Ben
1,Tommy
2,Harry,Smith
x,Ben
1,Tommy
2,Harry,Smith
x,Ben
1,Tommy
2,Harry,Smith
x,Ben
1,Tommy
2,Harry,Smith
x,Ben
1,Tommy
2,Harry,Smith
x,Ben
1,Tommy
2,Harry,Smith
x,Ben
1,Tommy
2,Harry,Smith
x,Ben
1,Tommy
2,Harry,Smith
x,Ben
1,Tommy
2,Harry,Smith
x,Ben
1,Tommy
2,Harry,Smith
x,Ben
1,Tommy
2,Harry,Smith
x,Ben
1,Tommy
2,Harry,Smith
x,Ben
1,Tommy
2,Harry,Smith
x,Ben
1,Tommy
2,Harry,Smith
x,Ben
1,Tommy
2,Harry,Smith
x,Ben
1,Tommy
2,Harry,Smith
x,Ben
1,Tommy
2,Harry,Smith
x,Ben
1,Tommy
2,Harry,Smith
x,Ben
1,Tommy
2,Harry,Smith
x,Ben
1,Tommy
2,Harry,Smith
x,Ben
1,Tommy
2,Harry,Smith
x,Ben
1,Tommy
2,Harry,Smith
x,Ben
1,Tommy
2,Harry,Smith
x,Ben
1,Tommy
2,Harry,Smith
x,Ben
1,Tommy
2,Harry,Smith
x,Ben
1,Tommy
2,Harry,Smith
x,Ben
1,Tommy
2,Harry,Smith
x,Ben
1,Tommy
2,Harry,Smith
x,Ben
1,Tommy
2,Harry,Smith
x,Ben
1,Tommy
2,Harry,Smith
x,Ben
1,Tommy
2,Harry,Smith
x,Ben
1,Tommy
2,Harry,Smith
x,Ben
1,Tommy
2,Harry,Smith
x,Ben
1,Tommy
2,Harry,Smith
x,Ben
1,Tommy
2,Harry,Smith
x,Ben
1,Tommy
2,Harry,Smith
x,Ben
1,Tommy
2,Harry,Smith
x,Ben
1,Tommy
2,Harry,Smith
x,Ben
1,Tommy
2,Harry,Smith
x,Ben
1,Tommy
2,Harry,Smith
x,Ben
1,Tommy
2,Harry,Smith
x,Ben
1,Tommy
2,Harry,Smith
x,Ben
1,Tommy
2,Harry,Smith
x,Ben
1,Tommy
2,Harry,Smith
x,Ben
1,Tommy
2,Harry,Smith
x,Ben
1,Tommy
2,Harry,Smith
x,Ben
1,Tommy
2,Harry,Smith
x,Ben
1,Tommy
2,Harry,Smith
x,Ben
1,Tommy
2,Harry,Smith
x,Ben
1,Tommy
2,Harry,Smith
x,Ben
1,Tommy
2,Harry,Smith
x,Ben
1,Tommy
2,Harry,Smith
x,Ben
1,Tommy
2,Harry,Smith
x,Ben
1,Tommy
2,Harry,Smith
x,Ben
1,Tommy
2,Harry,Smith
x,Ben
1,Tommy
2,Harry,Smith
x,Ben
1,Tommy
2,Harry,Smith
x,Ben
1,Tommy
2,Harry,Smith
x,Ben
1,Tommy
2,Harry,Smith
x,Ben
1,Tommy
2,Harry,Smith
x,Ben
1,Tommy
2,Harry,Smith
x,Ben
1,Tommy
2,Harry,Smith
x,Ben
1,Tommy
2,Harry,Smith
x,Ben
1,Tommy
2,Harry,Smith
x,Ben
1,Tommy
2,Harry,Smith
x,Ben
1,Tommy
2,Harry,Smith
x,Ben
1,Tommy
2,Harry,Smith
x,Ben
1,Tommy
2,Harry,Smith
x,Ben
1,Tommy
2,Harry,Smith
x,Ben
1,Tommy
2,Harry,Smith
x,Ben
1,Tommy
2,Harry,Smith
x,Ben
1,Tommy
2,Harry,Smith
x,Ben
1,Tommy
2,Harry,Smith
x,Ben
1,Tommy
2,Harry,Smith
x,Ben
1,Tommy
2,Harry,Smith
x,Ben
1,Tommy
2,Harry,Smith
x,Ben
1,Tommy
2,Harry,Smith
x,Ben
1,Tommy
2,Harry,Smith
x,Ben
1,Tommy
2,Harry,Smith
x,Ben
1,Tommy
2,Harry,Smith
x,Ben
1,Tommy
2,Harry,Smith
x,Ben
1,Tommy
2,Harry,Smith
x,Ben
1,Tommy
2,Harry,Smith
x,Ben
1,Tommy
2,Harry,Smith
x,Ben
1,Tommy
2,Harry,Smith
x,Ben
1,Tommy
2,Harry,Smith
x,Ben
1,Tommy
2,Harry,Smith
x,Ben
1,Tommy
2,Harry,Smith
x,Ben
1,Tommy
2,Harry,Smith
x,Ben
1,Tommy
2,Harry,Smith
x,Ben
1,Tommy
2,Harry,Smith
x,Ben
1,Tommy
2,Harry,Smith
x,Ben
1,Tommy
2,Harry,Smith
x,Ben
1,Tommy
2,Harry,Smith
x,Ben
1,Tommy
2,Harry,Smith
x,Ben
1,Tommy
2,Harry,Smith
x,Ben
1,Tommy
2,Harry,Smith
x,Ben
1,Tommy
2,Harry,Smith
x,Ben
1,Tommy
2,Harry,Smith
x,Ben
1,Tommy
2,Harry,Smith
x,Ben
1,Tommy
2,Harry,Smith
x,Ben
1,Tommy
2,Harry,Smith
x,Ben
1,Tommy
2,Harry,Smith
x,Ben
1,Tommy
2,Harry,Smith
x,Ben
1,Tommy
2,Harry,Smith
x,Ben
1,Tommy
2,Harry,Smith
x,Ben
1,Tommy
2,Harry,Smith
x,Ben
1,Tommy
2,Harry,Smith
x,Ben
1,Tommy
2,Harry,Smith
x,Ben
1,Tommy
2,Harry,Smith
x,Ben
1,Tommy
2,Harry,Smith
x,Ben
1,Tommy
2,Harry,Smith
x,Ben
1,Tommy
2,Harry,Smith
x,Ben
1,Tommy
2,Harry,Smith
x,Ben
1,Tommy
2,Harry,Smith
x,Ben
1,Tommy
2,Harry,Smith
x,Ben
1,Tommy
2,Harry,Smith
x,Ben
1,Tommy
2,Harry,Smith
x,Ben
1,Tommy
2,Harry,Smith
x,Ben
1,Tommy
2,Harry,Smith
x,Ben
1,Tommy
2,Harry,Smith
x,Ben
1,Tommy
2,Harry,Smith
x,Ben
1,Tommy
2,Harry,Smith
x,Ben
1,Tommy
2,Harry,Smith
x,Ben
1,Tommy
2,Harry,Smith
x,Ben
1,Tommy
2,Harry,Smith
x,Ben
1,Tommy
2,Harry,Smith
x,Ben
1,Tommy
2,Harry,Smith
x,Ben
1,Tommy
2,Harry,Smith
x,Ben
1,Tommy
2,Harry,Smith
x,Ben
1,Tommy
2,Harry,Smith
x,Ben
1,Tommy
2,Harry,Smith
x,Ben
1,Tommy
2,Harry,Smith
x,Ben
1,Tommy
2,Harry,Smith
x,Ben
1,Tommy
2,Harry,Smith
x,Ben
1,Tommy
2,Harry,Smith
x,Ben
1,Tommy
2,Harry,Smith
x,Ben
1,Tommy
2,Harry,Smith
x,Ben
1,Tommy
2,Harry,Smith
x,Ben
1,Tommy
2,Harry,Smith
x,Ben
1,Tommy
2,Harry,Smith
x,Ben
1,Tommy
2,Harry,Smith
x,Ben
1,Tommy
2,Harry,Smith
x,Ben
1,Tommy
2,Harry,Smith
x,Ben
1,Tommy
2,Harry,Smith
x,Ben
1,Tommy
2,Harry,Smith
x,Ben
1,Tommy
2,Harry,Smith
x,Ben
1,Tommy
2,Harry,Smith
x,Ben
1,Tommy
2,Harry,Smith
x,Ben
1,Tommy
2,Harry,Smith
x,Ben
1,Tommy
2,Harry,Smith
x,Ben
1,Tommy
2,Harry,Smith
x,Ben
1,Tommy
2,Harry,Smith
x,Ben
1,Tommy
2,Harry,Smith
x,Ben
1,Tommy
2,Harry,Smith
x,Ben
1,Tommy
2,Harry,Smith
x,Ben
1,Tommy
2,Harry,Smith
x,Ben
1,Tommy
2,Harry,Smith
x,Ben
1,Tommy
2,Harry,Smith
x,Ben
1,Tommy
2,Harry,Smith
x,Ben
1,Tommy
2,Harry,Smith
x,Ben
1,Tommy
2,Harry,Smith
x,Ben
1,Tommy
2,Harry,Smith
x,Ben
1,Tommy
2,Harry,Smith
x,Ben
1,Tommy
2,Harry,Smith
x,Ben
1,Tommy
2,Harry,Smith
x,Ben
1,Tommy
2,Harry,Smith
x,Ben
1,Tommy
2,Harry,Smith
x,Ben
1,Tommy
2,Harry,Smith
x,Ben
1,Tommy
2,Harry,Smith
x,Ben
1,Tommy
2,Harry,Smith
x,Ben
1,Tommy
2,Harry,Smith
x,Ben
1,Tommy
2,Harry,Smith
x,Ben
1,Tommy
2,Harry,Smith
x,Ben
1,Tommy
2,Harry,Smith
x,Ben
1,Tommy
2,Harry,Smith
x,Ben
1,Tommy
2,Harry,Smith
x,Ben
1,Tommy
2,Harry,Smith
x,Ben
1,Tommy
2,Harry,Smith
x,Ben
1,Tommy
2,Harry,Smith
x,Ben
1,Tommy
2,Harry,Smith
x,Ben
1,Tommy
2,Harry,Smith
x,Ben
1,Tommy
2,Harry,Smith
x,Ben
1,Tommy
2,Harry,Smith
x,Ben
1,Tommy
2,Harry,Smith
x,Ben
1,Tommy
2,Harry,Smith
x,Ben
1,Tommy
2,Harry,Smith
x,Ben
1,Tommy
2,Harry,Smith
x,Ben
1,Tommy
2,Harry,Smith
x,Ben
1,Tommy
2,Harry,Smith
x,Ben
1,Tommy
2,Harry,Smith
x,Ben
1,Tommy
2,Harry,Smith
x,Ben
1,Tommy
2,Harry,Smith
x,Ben
1,Tommy
2,Harry,Smith
x,Ben
1,Tommy
2,Harry,Smith
x,Ben
1,Tommy
2,Harry,Smith
x,Ben
1,Tommy
2,Harry,Smith
x,Ben
1,Tommy
2,Harry,Smith
x,Ben
1,Tommy
2,Harry,Smith
x,Ben
1,Tommy
2,Harry,Smith
x,Ben
1,Tommy
2,Harry,Smith
x,Ben
1,Tommy
2,Harry,Smith
x,Ben
1,Tommy
2,Harry,Smith
x,Ben
1,Tommy
2,Harry,Smith
x,Ben
1,Tommy
2,Harry,Smith
x,Ben
1,Tommy
2,Harry,Smith
x,Ben
1,Tommy
2,Harry,Smith
x,Ben
1,Tommy
2,Harry,Smith
x,Ben
1,Tommy
2,Harry,Smith
x,Ben
1,Tommy
2,Harry,Smith
x,Ben
1,Tommy
2,Harry,Smith
x,Ben
1,Tommy
2,Harry,Smith
x,Ben
1,Tommy
2,Harry,Smith
x,Ben
1,Tommy
2,Harry,Smith
x,Ben
1,Tommy
2,Harry,Smith
x,Ben
1,Tommy
2,Harry,Smith
x,Ben
1,Tommy
2,Harry,Smith
x,Ben
1,Tommy
2,Harry,Smith
x,Ben
1,Tommy
2,Harry,Smith
x,Ben
1,Tommy
2,Harry,Smith
x,Ben
1,Tommy
2,Harry,Smith
x,Ben
1,Tommy
2,Harry,Smith
x,Ben
1,Tommy
2,Harry,Smith
x,Ben
1,Tommy
2,Harry,Smith
x,Ben
1,Tommy
2,Harry,Smith
x,Ben
1,Tommy
2,Harry,Smith
x,Ben
1,Tommy
2,Harry,Smith
x,Ben
1,Tommy
2,Harry,Smith
x,Ben
1,Tommy
2,Harry,Smith
x,Ben
1,Tommy
2,Harry,Smith
x,Ben
1,Tommy
2,Harry,Smith
x,Ben
1,Tommy
2,Harry,Smith
x,Ben
1,Tommy
2,Harry,Smith
x,Ben
1,Tommy
2,Harry,Smith
x,Ben
1,Tommy
2,Harry,Smith
x,Ben
1,Tommy
2,Harry,Smith
x,Ben
1,Tommy
2,Harry,Smith
x,Ben
1,Tommy
2,Harry,Smith
x,Ben
1,Tommy
2,Harry,Smith
x,Ben
1,Tommy
2,Harry,Smith
x,Ben
1,Tommy
2,Harry,Smith
x,Ben
1,Tommy
2,Harry,Smith
x,Ben
1,Tommy
2,Harry,Smith
x,Ben
1,Tommy
2,Harry,Smith
x,Ben
1,Tommy
2,Harry,Smith
x,Ben
1,Tommy
2,Harry,Smith
x,Ben
1,Tommy
2,Harry,Smith
x,Ben
1,Tommy
2,Harry,Smith
x,Ben
1,Tommy
2,Harry,Smith
x,Ben
1,Tommy
2,Harry,Smith
x,Ben
1,Tommy
2,Harry,Smith
x,Ben
1,Tommy
2,Harry,Smith
x,Ben
1,Tommy
2,Harry,Smith
x,Ben
1,Tommy
2,Harry,Smith
x,Ben
1,Tommy
2,Harry,Smith
x,Ben
1,Tommy
2,Harry,Smith
x,Ben
1,Tommy
2,Harry,Smith
x,Ben
1,Tommy
2,Harry,Smith
x,Ben
1,Tommy
2,Harry,Smith
x,Ben
1,Tommy
2,Harry,Smith
x,Ben
1,Tommy
2,Harry,Smith
x,Ben
1,Tommy
2,Harry,Smith
x,Ben
1,Tommy
2,Harry,Smith
x,Ben
1,Tommy
2,Harry,Smith
x,Ben
1,Tommy
2,Harry,Smith
x,Ben
1,Tommy
2,Harry,Smith
x,Ben
1,Tommy
2,Harry,Smith
x,Ben
1,Tommy
2,Harry,Smith
x,Ben
1,Tommy
2,Harry,Smith
x,Ben
1,Tommy
2,Harry,Smith
x,Ben
1,Tommy
2,Harry,Smith
x,Ben
1,Tommy
2,Harry,Smith
x,Ben
1,Tommy
2,Harry,Smith
x,Ben
1,Tommy
2,Harry,Smith
x,Ben
1,Tommy
2,Harry,Smith
x,Ben
1,Tommy
2,Harry,Smith
x,Ben
1,Tommy
2,Harry,Smith
x,Ben
1,Tommy
2,Harry,Smith
x,Ben
1,Tommy
2,Harry,Smith
x,Ben
1,Tommy
2,Harry,Smith
x,Ben
1,Tommy
2,Harry,Smith
x,Ben
1,Tommy
2,Harry,Smith
x,Ben
1,Tommy
2,Harry,Smith
x,Ben
1,Tommy
2,Harry,Smith
x,Ben
1,Tommy
2,Harry,Smith
x,Ben
1,Tommy
2,Harry,Smith
x,Ben
1,Tommy
2,Harry,Smith
x,Ben
1,Tommy
2,Harry,Smith
x,Ben
1,Tommy
2,Harry,Smith
x,Ben
1,Tommy
2,Harry,Smith
x,Ben
1,Tommy
2,Harry,Smith
x,Ben
1,Tommy
2,Harry,Smith
x,Ben
1,Tommy
2,Harry,Smith
x,Ben
1,Tommy
2,Harry,Smith
x,Ben
1,Tommy
2,Harry,Smith
x,Ben
1,Tommy
2,Harry,Smith
x,Ben
1,Tommy
2,Harry,Smith
x,Ben
1,Tommy
2,Harry,Smith
x,Ben
1,Tommy
2,Harry,Smith
x,Ben
1,Tommy
2,Harry,Smith
x,Ben
1,Tommy
2,Harry,Smith
x,Ben
1,Tommy
2,Harry,Smith
x,Ben
1,Tommy
2,Harry,Smith
x,Ben
1,Tommy
2,Harry,Smith
x,Ben
1,Tommy
2,Harry,Smith
x,Ben
1,Tommy
2,Harry,Smith
x,Ben
1,Tommy
2,Harry,Smith
x,Ben
1,Tommy
2,Harry,Smith
x,Ben
1,Tommy
2,Harry,Smith
x,Ben
1,Tommy
2,Harry,Smith
x,Ben
1,Tommy
2,Harry,Smith
x,Ben
1,Tommy
2,Harry,Smith
x,Ben
1,Tommy
2,Harry,Smith
x,Ben
1,Tommy
2,Harry,Smith
x,Ben
1,Tommy
2,Harry,Smith
x,Ben
1,Tommy
2,Harry,Smith
x,Ben
1,Tommy
2,Harry,Smith
x,Ben
1,Tommy
2,Harry,Smith
x,Ben
1,Tommy
2,Harry,Smith
x,Ben
1,Tommy
2,Harry,Smith
x,Ben
1,Tommy
2,Harry,Smith
x,Ben
1,Tommy
2,Harry,Smith
x,Ben
1,Tommy
2,Harry,Smith
x,Ben
1,Tommy
2,Harry,Smith
x,Ben
1,Tommy
2,Harry,Smith
x,Ben
1,Tommy
2,Harry,Smith
x,Ben
1,Tommy
2,Harry,Smith
x,Ben
1,Tommy
2,Harry,Smith
x,Ben
1,Tommy
2,Harry,Smith
x,Ben
1,Tommy
2,Harry,Smith
x,Ben
1,Tommy
2,Harry,Smith
x,Ben
1,Tommy
2,Harry,Smith
x,Ben
1,Tommy
2,Harry,Smith
x,Ben
1,Tommy
2,Harry,Smith
x,Ben
1,Tommy
2,Harry,Smith
x,Ben
1,Tommy
2,Harry,Smith
x,Ben
1,Tommy
2,Harry,Smith
x,Ben
1,Tommy
2,Harry,Smith
x,Ben
1,Tommy
2,Harry,Smith
x,Ben
1,Tommy
2,Harry,Smith
x,Ben
1,Tommy
2,Harry,Smith
x,Ben
1,Tommy
2,Harry,Smith
x,Ben
1,Tommy
2,Harry,Smith
x,Ben
1,Tommy
2,Harry,Smith
x,Ben
1,Tommy
2,Harry,Smith
x,Ben
1,Tommy
2,Harry,Smith
x,Ben
1,Tommy
2,Harry,Smith
x,Ben
1,Tommy
2,Harry,Smith
x,Ben
1,Tommy
2,Harry,Smith
x,Ben
1,Tommy
2,Harry,Smith
x,Ben
1,Tommy
2,Harry,Smith
x,Ben
1,Tommy
2,Harry,Smith
x,Ben
1,Tommy
2,Harry,Smith
x,Ben
1,Tommy
2,Harry,Smith
x,Ben
1,Tommy
2,Harry,Smith
x,Ben
1,Tommy
2,Harry,Smith
x,Ben
1,Tommy
2,Harry,Smith
x,Ben
1,Tommy
2,Harry,Smith
x,Ben
1,Tommy
2,Harry,Smith
x,Ben
1,Tommy
2,Harry,Smith
x,Ben
1,Tommy
2,Harry,Smith
x,Ben
1,Tommy
2,Harry,Smith
x,Ben
1,Tommy
2,Harry,Smith
x,Ben
1,Tommy
2,Harry,Smith
x,Ben
1,Tommy
2,Harry,Smith
x,Ben
1,Tommy
2,Harry,Smith
x,Ben
1,Tommy
2,Harry,Smith
x,Ben
1,Tommy
2,Harry,Smith
x,Ben
1,Tommy
2,Harry,Smith
x,Ben
1,Tommy
2,Harry,Smith
x,Ben
1,Tommy
2,Harry,Smith
x,Ben
1,Tommy
2,Harry,Smith
x,Ben
1,Tommy
2,Harry,Smith
x,Ben
1,Tommy
2,Harry,Smith
x,Ben
1,Tommy
2,Harry,Smith
x,Ben
1,Tommy
2,Harry,Smith
x,Ben
1,Tommy
2,Harry,Smith
x,Ben
1,Tommy
2,Harry,Smith
x,Ben
1,Tommy
2,Harry,Smith
x,Ben
1,Tommy
2,Harry,Smith
x,Ben
1,Tommy
2,Harry,Smith
x,Ben
1,Tommy
2,Harry,Smith
x,Ben
1,Tommy
2,Harry,Smith
x,Ben
1,Tommy
2,Harry,Smith
x,Ben
1,Tommy
2,Harry,Smith
x,Ben
1,Tommy
2,Harry,Smith
x,Ben
1,Tommy
2,Harry,Smith
x,Ben
1,Tommy
2,Harry,Smith
x,Ben
1,Tommy
2,Harry,Smith
x,Ben
1,Tommy
2,Harry,Smith
x,Ben
1,Tommy
2,Harry,Smith
x,Ben
1,Tommy
2,Harry,Smith
x,Ben
1,Tommy
2,Harry,Smith
x,Ben
1,Tommy
2,Harry,Smith
x,Ben
1,Tommy
2,Harry,Smith
x,Ben
1,Tommy
2,Harry,Smith
x,Ben
1,Tommy
2,Harry,Smith
x,Ben
1,Tommy
2,Harry,Smith
x,Ben
1,Tommy
2,Harry,Smith
x,Ben
1,Tommy
2,Harry,Smith
x,Ben
1,Tommy
2,Harry,Smith
x,Ben
1,Tommy
2,Harry,Smith
x,Ben
1,Tommy
2,Harry,Smith
x,Ben
1,Tommy
2,Harry,Smith
x,Ben
1,Tommy
2,Harry,Smith
x,Ben
1,Tommy
2,Harry,Smith
x,Ben
1,Tommy
2,Harry,Smith
x,Ben
1,Tommy
2,Harry,Smith
x,Ben
1,Tommy
2,Harry,Smith
x,Ben
1,Tommy
2,Harry,Smith
x,Ben
1,Tommy
2,Harry,Smith
x,Ben
1,Tommy
2,Harry,Smith
x,Ben
1,Tommy
2,Harry,Smith
x,Ben
1,Tommy
2,Harry,Smith
x,Ben
1,Tommy
2,Harry,Smith
x,Ben
sequence,name
1,Tommy
2,Harry,Smith
x,Ben
1,Tommy
2,Harry,Smith
x,Ben
1,Tommy
2,Harry,Smith
x,Ben
1,Tommy
2,Harry,Smith
x,Ben
1,Tommy
2,Harry,Smith
x,Ben
1,Tommy
2,Harry,Smith
x,Ben
1,Tommy
2,Harry,Smith
x,Ben
1,Tommy
2,Harry,Smith
x,Ben
1,Tommy
2,Harry,Smith
x,Ben
1,Tommy
2,Harry,Smith
x,Ben
1,Tommy
2,Harry,Smith
x,Ben
1,Tommy
2,Harry,Smith
x,Ben
1,Tommy
2,Harry,Smith
x,Ben
1,Tommy
2,Harry,Smith
x,Ben
1,Tommy
2,Harry,Smith
x,Ben
1,Tommy
2,Harry,Smith
x,Ben
1,Tommy
2,Harry,Smith
x,Ben
1,Tommy
2,Harry,Smith
x,Ben
1,Tommy
2,Harry,Smith
x,Ben
1,Tommy
2,Harry,Smith
x,Ben
1,Tommy
2,Harry,Smith
x,Ben
1,Tommy
2,Harry,Smith
x,Ben
1,Tommy
2,Harry,Smith
x,Ben
1,Tommy
2,Harry,Smith
x,Ben
1,Tommy
2,Harry,Smith
x,Ben
1,Tommy
2,Harry,Smith
x,Ben
1,Tommy
2,Harry,Smith
x,Ben
1,Tommy
2,Harry,Smith
x,Ben
1,Tommy
2,Harry,Smith
x,Ben
1,Tommy
2,Harry,Smith
x,Ben
1,Tommy
2,Harry,Smith
x,Ben
1,Tommy
2,Harry,Smith
x,Ben
1,Tommy
2,Harry,Smith
x,Ben
1,Tommy
2,Harry,Smith
x,Ben
1,Tommy
2,Harry,Smith
x,Ben
1,Tommy
2,Harry,Smith
x,Ben
1,Tommy
2,Harry,Smith
x,Ben
1,Tommy
2,Harry,Smith
x,Ben
1,Tommy
2,Harry,Smith
x,Ben
1,Tommy
2,Harry,Smith
x,Ben
1,Tommy
2,Harry,Smith
x,Ben
1,Tommy
2,Harry,Smith
x,Ben
1,Tommy
2,Harry,Smith
x,Ben
1,Tommy
2,Harry,Smith
x,Ben
1,Tommy
2,Harry,Smith
x,Ben
1,Tommy
2,Harry,Smith
x,Ben
1,Tommy
2,Harry,Smith
x,Ben
1,Tommy
2,Harry,Smith
x,Ben
1,Tommy
2,Harry,Smith
x,Ben
1,Tommy
2,Harry,Smith
x,Ben
1,Tommy
2,Harry,Smith
x,Ben
1,Tommy
2,Harry,Smith
x,Ben
1,Tommy
2,Harry,Smith
x,Ben
1,Tommy
2,Harry,Smith
x,Ben
1,Tommy
2,Harry,Smith
x,Ben
1,Tommy
2,Harry,Smith
x,Ben
1,Tommy
2,Harry,Smith
x,Ben
1,Tommy
2,Harry,Smith
x,Ben
1,Tommy
2,Harry,Smith
x,Ben
1,Tommy
2,Harry,Smith
x,Ben
1,Tommy
2,Harry,Smith
x,Ben
1,Tommy
2,Harry,Smith
x,Ben
1,Tommy
2,Harry,Smith
x,Ben
1,Tommy
2,Harry,Smith
x,Ben
1,Tommy
2,Harry,Smith
x,Ben
1,Tommy
2,Harry,Smith
x,Ben
1,Tommy
2,Harry,Smith
x,Ben
1,Tommy
2,Harry,Smith
x,Ben
1,Tommy
2,Harry,Smith
x,Ben
1,Tommy
2,Harry,Smith
x,Ben
1,Tommy
2,Harry,Smith
x,Ben
1,Tommy
2,Harry,Smith
x,Ben
1,Tommy
2,Harry,Smith
x,Ben
1,Tommy
2,Harry,Smith
x,Ben
1,Tommy
2,Harry,Smith
x,Ben
1,Tommy
2,Harry,Smith
x,Ben
1,Tommy
2,Harry,Smith
x,Ben
1,Tommy
2,Harry,Smith
x,Ben
1,Tommy
2,Harry,Smith
x,Ben
1,Tommy
2,Harry,Smith
x,Ben
1,Tommy
2,Harry,Smith
x,Ben
1,Tommy
2,Harry,Smith
x,Ben
1,Tommy
2,Harry,Smith
x,Ben
1,Tommy
2,Harry,Smith
x,Ben
1,Tommy
2,Harry,Smith
x,Ben
1,Tommy
2,Harry,Smith
x,Ben
1,Tommy
2,Harry,Smith
x,Ben
1,Tommy
2,Harry,Smith
x,Ben
1,Tommy
2,Harry,Smith
x,Ben
1,Tommy
2,Harry,Smith
x,Ben
1,Tommy
2,Harry,Smith
x,Ben
1,Tommy
2,Harry,Smith
x,Ben
1,Tommy
2,Harry,Smith
x,Ben
1,Tommy
2,Harry,Smith
x,Ben
1,Tommy
2,Harry,Smith
x,Ben
1,Tommy
2,Harry,Smith
x,Ben
1,Tommy
2,Harry,Smith
x,Ben
1,Tommy
2,Harry,Smith
x,Ben
1,Tommy
2,Harry,Smith
x,Ben
1,Tommy
2,Harry,Smith
x,Ben
1,Tommy
2,Harry,Smith
x,Ben
1,Tommy
2,Harry,Smith
x,Ben
1,Tommy
2,Harry,Smith
x,Ben
1,Tommy
2,Harry,Smith
x,Ben
1,Tommy
2,Harry,Smith
x,Ben
1,Tommy
2,Harry,Smith
x,Ben
1,Tommy
2,Harry,Smith
x,Ben
1,Tommy
2,Harry,Smith
x,Ben
1,Tommy
2,Harry,Smith
x,Ben
1,Tommy
2,Harry,Smith
x,Ben
1,Tommy
2,Harry,Smith
x,Ben
1,Tommy
2,Harry,Smith
x,Ben
1,Tommy
2,Harry,Smith
x,Ben
1,Tommy
2,Harry,Smith
x,Ben
1,Tommy
2,Harry,Smith
x,Ben
1,Tommy
2,Harry,Smith
x,Ben
1,Tommy
2,Harry,Smith
x,Ben
1,Tommy
2,Harry,Smith
x,Ben
1,Tommy
2,Harry,Smith
x,Ben
1,Tommy
2,Harry,Smith
x,Ben
1,Tommy
2,Harry,Smith
x,Ben
1,Tommy
2,Harry,Smith
x,Ben
1,Tommy
2,Harry,Smith
x,Ben
1,Tommy
2,Harry,Smith
x,Ben
1,Tommy
2,Harry,Smith
x,Ben
1,Tommy
2,Harry,Smith
x,Ben
1,Tommy
2,Harry,Smith
x,Ben
1,Tommy
2,Harry,Smith
x,Ben
1,Tommy
2,Harry,Smith
x,Ben
1,Tommy
2,Harry,Smith
x,Ben
1,Tommy
2,Harry,Smith
x,Ben
1,Tommy
2,Harry,Smith
x,Ben
1,Tommy
2,Harry,Smith
x,Ben
1,Tommy
2,Harry,Smith
x,Ben
1,Tommy
2,Harry,Smith
x,Ben
1,Tommy
2,Harry,Smith
x,Ben
1,Tommy
2,Harry,Smith
x,Ben
1,Tommy
2,Harry,Smith
x,Ben
1,Tommy
2,Harry,Smith
x,Ben
1,Tommy
2,Harry,Smith
x,Ben
1,Tommy
2,Harry,Smith
x,Ben
1,Tommy
2,Harry,Smith
x,Ben
1,Tommy
2,Harry,Smith
x,Ben
1,Tommy
2,Harry,Smith
x,Ben
1,Tommy
2,Harry,Smith
x,Ben
1,Tommy
2,Harry,Smith
x,Ben
1,Tommy
2,Harry,Smith
x,Ben
1,Tommy
2,Harry,Smith
x,Ben
1,Tommy
2,Harry,Smith
x,Ben
1,Tommy
2,Harry,Smith
x,Ben
1,Tommy
2,Harry,Smith
x,Ben
1,Tommy
2,Harry,Smith
x,Ben
1,Tommy
2,Harry,Smith
x,Ben
1,Tommy
2,Harry,Smith
x,Ben
1,Tommy
2,Harry,Smith
x,Ben
1,Tommy
2,Harry,Smith
x,Ben
1,Tommy
2,Harry,Smith
x,Ben
1,Tommy
2,Harry,Smith
x,Ben
1,Tommy
2,Harry,Smith
x,Ben
1,Tommy
2,Harry,Smith
x,Ben
1,Tommy
2,Harry,Smith
x,Ben
1,Tommy
2,Harry,Smith
x,Ben
1,Tommy
2,Harry,Smith
x,Ben
1,Tommy
2,Harry,Smith
x,Ben
1,Tommy
2,Harry,Smith
x,Ben
1,Tommy
2,Harry,Smith
x,Ben
1,Tommy
2,Harry,Smith
x,Ben
1,Tommy
2,Harry,Smith
x,Ben
1,Tommy
2,Harry,Smith
x,Ben
1,Tommy
2,Harry,Smith
x,Ben
1,Tommy
2,Harry,Smith
x,Ben
1,Tommy
2,Harry,Smith
x,Ben
1,Tommy
2,Harry,Smith
x,Ben
1,Tommy
2,Harry,Smith
x,Ben
1,Tommy
2,Harry,Smith
x,Ben
1,Tommy
2,Harry,Smith
x,Ben
1,Tommy
2,Harry,Smith
x,Ben
1,Tommy
2,Harry,Smith
x,Ben
1,Tommy
2,Harry,Smith
x,Ben
1,Tommy
2,Harry,Smith
x,Ben
1,Tommy
2,Harry,Smith
x,Ben
1,Tommy
2,Harry,Smith
x,Ben
1,Tommy
2,Harry,Smith
x,Ben
1,Tommy
2,Harry,Smith
x,Ben
1,Tommy
2,Harry,Smith
x,Ben
1,Tommy
2,Harry,Smith
x,Ben
1,Tommy
2,Harry,Smith
x,Ben
1,Tommy
2,Harry,Smith
x,Ben
1,Tommy
2,Harry,Smith
x,Ben
1,Tommy
2,Harry,Smith
x,Ben
1,Tommy
2,Harry,Smith
x,Ben
1,Tommy
2,Harry,Smith
x,Ben
1,Tommy
2,Harry,Smith
x,Ben
1,Tommy
2,Harry,Smith
x,Ben
1,Tommy
2,Harry,Smith
x,Ben
1,Tommy
2,Harry,Smith
x,Ben
1,Tommy
2,Harry,Smith
x,Ben
1,Tommy
2,Harry,Smith
x,Ben
1,Tommy
2,Harry,Smith
x,Ben
1,Tommy
2,Harry,Smith
x,Ben
1,Tommy
2,Harry,Smith
x,Ben
1,Tommy
2,Harry,Smith
x,Ben
1,Tommy
2,Harry,Smith
x,Ben
1,Tommy
2,Harry,Smith
x,Ben
1,Tommy
2,Harry,Smith
x,Ben
1,Tommy
2,Harry,Smith
x,Ben
1,Tommy
2,Harry,Smith
x,Ben
1,Tommy
2,Harry,Smith
x,Ben
1,Tommy
2,Harry,Smith
x,Ben
1,Tommy
2,Harry,Smith
x,Ben
1,Tommy
2,Harry,Smith
x,Ben
1,Tommy
2,Harry,Smith
x,Ben
1,Tommy
2,Harry,Smith
x,Ben
1,Tommy
2,Harry,Smith
x,Ben
1,Tommy
2,Harry,Smith
x,Ben
1,Tommy
2,Harry,Smith
x,Ben
1,Tommy
2,Harry,Smith
x,Ben
1,Tommy
2,Harry,Smith
x,Ben
1,Tommy
2,Harry,Smith
x,Ben
1,Tommy
2,Harry,Smith
x,Ben
1,Tommy
2,Harry,Smith
x,Ben
1,Tommy
2,Harry,Smith
x,Ben
1,Tommy
2,Harry,Smith
x,Ben
1,Tommy
2,Harry,Smith
x,Ben
1,Tommy
2,Harry,Smith
x,Ben
1,Tommy
2,Harry,Smith
x,Ben
1,Tommy
2,Harry,Smith
x,Ben
1,Tommy
2,Harry,Smith
x,Ben
1,Tommy
2,Harry,Smith
x,Ben
1,Tommy
2,Harry,Smith
x,Ben
1,Tommy
2,Harry,Smith
x,Ben
1,Tommy
2,Harry,Smith
x,Ben
1,Tommy
2,Harry,Smith
x,Ben
1,Tommy
2,Harry,Smith
x,Ben
1,Tommy
2,Harry,Smith
x,Ben
1,Tommy
2,Harry,Smith
x,Ben
1,Tommy
2,Harry,Smith
x,Ben
1,Tommy
2,Harry,Smith
x,Ben
1,Tommy
2,Harry,Smith
x,Ben
1,Tommy
2,Harry,Smith
x,Ben
1,Tommy
2,Harry,Smith
x,Ben
1,Tommy
2,Harry,Smith
x,Ben
1,Tommy
2,Harry,Smith
x,Ben
1,Tommy
2,Harry,Smith
x,Ben
1,Tommy
2,Harry,Smith
x,Ben
1,Tommy
2,Harry,Smith
x,Ben
1,Tommy
2,Harry,Smith
x,Ben
1,Tommy
2,Harry,Smith
x,Ben
1,Tommy
2,Harry,Smith
x,Ben
1,Tommy
2,Harry,Smith
x,Ben
1,Tommy
2,Harry,Smith
x,Ben
1,Tommy
2,Harry,Smith
x,Ben
1,Tommy
2,Harry,Smith
x,Ben
1,Tommy
2,Harry,Smith
x,Ben
1,Tommy
2,Harry,Smith
x,Ben
1,Tommy
2,Harry,Smith
x,Ben
1,Tommy
2,Harry,Smith
x,Ben
1,Tommy
2,Harry,Smith
x,Ben
1,Tommy
2,Harry,Smith
x,Ben
1,Tommy
2,Harry,Smith
x,Ben
1,Tommy
2,Harry,Smith
x,Ben
1,Tommy
2,Harry,Smith
x,Ben
1,Tommy
2,Harry,Smith
x,Ben
1,Tommy
2,Harry,Smith
x,Ben
1,Tommy
2,Harry,Smith
x,Ben
1,Tommy
2,Harry,Smith
x,Ben
1,Tommy
2,Harry,Smith
x,Ben
1,Tommy
2,Harry,Smith
x,Ben
1,Tommy
2,Harry,Smith
x,Ben
1,Tommy
2,Harry,Smith
x,Ben
1,Tommy
2,Harry,Smith
x,Ben
1,Tommy
2,Harry,Smith
x,Ben
1,Tommy
2,Harry,Smith
x,Ben
1,Tommy
2,Harry,Smith
x,Ben
1,Tommy
2,Harry,Smith
x,Ben
1,Tommy
2,Harry,Smith
x,Ben
1,Tommy
2,Harry,Smith
x,Ben
1,Tommy
2,Harry,Smith
x,Ben
1,Tommy
2,Harry,Smith
x,Ben
1,Tommy
2,Harry,Smith
x,Ben
1,Tommy
2,Harry,Smith
x,Ben
1,Tommy
2,Harry,Smith
x,Ben
1,Tommy
2,Harry,Smith
x,Ben
1,Tommy
2,Harry,Smith
x,Ben
1,Tommy
2,Harry,Smith
x,Ben
1,Tommy
2,Harry,Smith
x,Ben
1,Tommy
2,Harry,Smith
x,Ben
1,Tommy
2,Harry,Smith
x,Ben
1,Tommy
2,Harry,Smith
x,Ben
1,Tommy
2,Harry,Smith
x,Ben
1,Tommy
2,Harry,Smith
x,Ben
1,Tommy
2,Harry,Smith
x,Ben
1,Tommy
2,Harry,Smith
x,Ben
1,Tommy
2,Harry,Smith
x,Ben
1,Tommy
2,Harry,Smith
x,Ben
1,Tommy
2,Harry,Smith
x,Ben
1,Tommy
2,Harry,Smith
x,Ben
1,Tommy
2,Harry,Smith
x,Ben
1,Tommy
2,Harry,Smith
x,Ben
1,Tommy
2,Harry,Smith
x,Ben
1,Tommy
2,Harry,Smith
x,Ben
1,Tommy
2,Harry,Smith
x,Ben
1,Tommy
2,Harry,Smith
x,Ben
1,Tommy
2,Harry,Smith
x,Ben
1,Tommy
2,Harry,Smith
x,Ben
1,Tommy
2,Harry,Smith
x,Ben
1,Tommy
2,Harry,Smith
x,Ben
1,Tommy
2,Harry,Smith
x,Ben
1,Tommy
2,Harry,Smith
x,Ben
1,Tommy
2,Harry,Smith
x,Ben
1,Tommy
2,Harry,Smith
x,Ben
1,Tommy
2,Harry,Smith
x,Ben
1,Tommy
2,Harry,Smith
x,Ben
1,Tommy
2,Harry,Smith
x,Ben
1,Tommy
2,Harry,Smith
x,Ben
1,Tommy
2,Harry,Smith
x,Ben
1,Tommy
2,Harry,Smith
x,Ben
1,Tommy
2,Harry,Smith
x,Ben
1,Tommy
2,Harry,Smith
x,Ben
1,Tommy
2,Harry,Smith
x,Ben
1,Tommy
2,Harry,Smith
x,Ben
1,Tommy
2,Harry,Smith
x,Ben
1,Tommy
2,Harry,Smith
x,Ben
1,Tommy
2,Harry,Smith
x,Ben
1,Tommy
2,Harry,Smith
x,Ben
1,Tommy
2,Harry,Smith
x,Ben
1,Tommy
2,Harry,Smith
x,Ben
1,Tommy
2,Harry,Smith
x,Ben
1,Tommy
2,Harry,Smith
x,Ben
1,Tommy
2,Harry,Smith
x,Ben
1,Tommy
2,Harry,Smith
x,Ben
1,Tommy
2,Harry,Smith
x,Ben
1,Tommy
2,Harry,Smith
x,Ben
1,Tommy
2,Harry,Smith
x,Ben
1,Tommy
2,Harry,Smith
x,Ben
1,Tommy
2,Harry,Smith
x,Ben
1,Tommy
2,Harry,Smith
x,Ben
1,Tommy
2,Harry,Smith
x,Ben
1,Tommy
2,Harry,Smith
x,Ben
1,Tommy
2,Harry,Smith
x,Ben
1,Tommy
2,Harry,Smith
x,Ben
1,Tommy
2,Harry,Smith
x,Ben
1,Tommy
2,Harry,Smith
x,Ben
1,Tommy
2,Harry,Smith
x,Ben
1,Tommy
2,Harry,Smith
x,Ben
1,Tommy
2,Harry,Smith
x,Ben
1,Tommy
2,Harry,Smith
x,Ben
1,Tommy
2,Harry,Smith
x,Ben
1,Tommy
2,Harry,Smith
x,Ben
1,Tommy
2,Harry,Smith
x,Ben
1,Tommy
2,Harry,Smith
x,Ben
1,Tommy
2,Harry,Smith
x,Ben
1,Tommy
2,Harry,Smith
x,Ben
1,Tommy
2,Harry,Smith
x,Ben
1,Tommy
2,Harry,Smith
x,Ben
1,Tommy
2,Harry,Smith
x,Ben
1,Tommy
2,Harry,Smith
x,Ben
1,Tommy
2,Harry,Smith
x,Ben
1,Tommy
2,Harry,Smith
x,Ben
1,Tommy
2,Harry,Smith
x,Ben
1,Tommy
2,Harry,Smith
x,Ben
1,Tommy
2,Harry,Smith
x,Ben
1,Tommy
2,Harry,Smith
x,Ben
1,Tommy
2,Harry,Smith
x,Ben
1,Tommy
2,Harry,Smith
x,Ben
1,Tommy
2,Harry,Smith
x,Ben
1,Tommy
2,Harry,Smith
x,Ben
1,Tommy
2,Harry,Smith
x,Ben
1,Tommy
2,Harry,Smith
x,Ben
1,Tommy
2,Harry,Smith
x,Ben
1,Tommy
2,Harry,Smith
x,Ben
1,Tommy
2,Harry,Smith
x,Ben
1,Tommy
2,Harry,Smith
x,Ben
1,Tommy
2,Harry,Smith
x,Ben
1,Tommy
2,Harry,Smith
x,Ben
1,Tommy
2,Harry,Smith
x,Ben
1,Tommy
2,Harry,Smith
x,Ben
1,Tommy
2,Harry,Smith
x,Ben
1,Tommy
2,Harry,Smith
x,Ben
1,Tommy
2,Harry,Smith
x,Ben
1,Tommy
2,Harry,Smith
x,Ben
1,Tommy
2,Harry,Smith
x,Ben
1,Tommy
2,Harry,Smith
x,Ben
1,Tommy
2,Harry,Smith
x,Ben
1,Tommy
2,Harry,Smith
x,Ben
1,Tommy
2,Harry,Smith
x,Ben
1,Tommy
2,Harry,Smith
x,Ben
1,Tommy
2,Harry,Smith
x,Ben
1,Tommy
2,Harry,Smith
x,Ben
1,Tommy
2,Harry,Smith
x,Ben
1,Tommy
2,Harry,Smith
x,Ben
1,Tommy
2,Harry,Smith
x,Ben
1,Tommy
2,Harry,Smith
x,Ben
1,Tommy
2,Harry,Smith
x,Ben
1,Tommy
2,Harry,Smith
x,Ben
1,Tommy
2,Harry,Smith
x,Ben
1,Tommy
2,Harry,Smith
x,Ben
1,Tommy
2,Harry,Smith
x,Ben
1,Tommy
2,Harry,Smith
x,Ben
1,Tommy
2,Harry,Smith
x,Ben
1,Tommy
2,Harry,Smith
x,Ben
1,Tommy
2,Harry,Smith
x,Ben
1,Tommy
2,Harry,Smith
x,Ben
1,Tommy
2,Harry,Smith
x,Ben
1,Tommy
2,Harry,Smith
x,Ben
1,Tommy
2,Harry,Smith
x,Ben
1,Tommy
2,Harry,Smith
x,Ben
1,Tommy
2,Harry,Smith
x,Ben
1,Tommy
2,Harry,Smith
x,Ben
1,Tommy
2,Harry,Smith
x,Ben
1,Tommy
2,Harry,Smith
x,Ben
1,Tommy
2,Harry,Smith
x,Ben
1,Tommy
2,Harry,Smith
x,Ben
1,Tommy
2,Harry,Smith
x,Ben
1,Tommy
2,Harry,Smith
x,Ben
1,Tommy
2,Harry,Smith
x,Ben
1,Tommy
2,Harry,Smith
x,Ben
1,Tommy
2,Harry,Smith
x,Ben
1,Tommy
2,Harry,Smith
x,Ben
1,Tommy
2,Harry,Smith
x,Ben
1,Tommy
2,Harry,Smith
x,Ben
1,Tommy
2,Harry,Smith
x,Ben
1,Tommy
2,Harry,Smith
x,Ben
1,Tommy
2,Harry,Smith
x,Ben
1,Tommy
2,Harry,Smith
x,Ben
1,Tommy
2,Harry,Smith
x,Ben
1,Tommy
2,Harry,Smith
x,Ben
1,Tommy
2,Harry,Smith
x,Ben
1,Tommy
2,Harry,Smith
x,Ben
1,Tommy
2,Harry,Smith
x,Ben
1,Tommy
2,Harry,Smith
x,Ben
1,Tommy
2,Harry,Smith
x,Ben
1,Tommy
2,Harry,Smith
x,Ben
1,Tommy
2,Harry,Smith
x,Ben
1,Tommy
2,Harry,Smith
x,Ben
1,Tommy
2,Harry,Smith
x,Ben
1,Tommy
2,Harry,Smith
x,Ben
1,Tommy
2,Harry,Smith
x,Ben
1,Tommy
2,Harry,Smith
x,Ben
1,Tommy
2,Harry,Smith
x,Ben
1,Tommy
2,Harry,Smith
x,Ben
1,Tommy
2,Harry,Smith
x,Ben
1,Tommy
2,Harry,Smith
x,Ben
1,Tommy
2,Harry,Smith
x,Ben
1,Tommy
2,Harry,Smith
x,Ben
1,Tommy
2,Harry,Smith
x,Ben
1,Tommy
2,Harry,Smith
x,Ben
1,Tommy
2,Harry,Smith
x,Ben
1,Tommy
2,Harry,Smith
x,Ben
1,Tommy
2,Harry,Smith
x,Ben
1,Tommy
2,Harry,Smith
x,Ben
1,Tommy
2,Harry,Smith
x,Ben
1,Tommy
2,Harry,Smith
x,Ben
1,Tommy
2,Harry,Smith
x,Ben
1,Tommy
2,Harry,Smith
x,Ben
1,Tommy
2,Harry,Smith
x,Ben
1,Tommy
2,Harry,Smith
x,Ben
1,Tommy
2,Harry,Smith
x,Ben
1,Tommy
2,Harry,Smith
x,Ben
1,Tommy
2,Harry,Smith
x,Ben
1,Tommy
2,Harry,Smith
x,Ben
1,Tommy
2,Harry,Smith
x,Ben
1,Tommy
2,Harry,Smith
x,Ben
1,Tommy
2,Harry,Smith
x,Ben
1,Tommy
2,Harry,Smith
x,Ben
1,Tommy
2,Harry,Smith
x,Ben
1,Tommy
2,Harry,Smith
x,Ben
1,Tommy
2,Harry,Smith
x,Ben
1,Tommy
2,Harry,Smith
x,Ben
1,Tommy
2,Harry,Smith
x,Ben
1,Tommy
2,Harry,Smith
x,Ben
1,Tommy
2,Harry,Smith
x,Ben
1,Tommy
2,Harry,Smith
x,Ben
1,Tommy
2,Harry,Smith
x,Ben
1,Tommy
2,Harry,Smith
x,Ben
1,Tommy
2,Harry,Smith
x,Ben
1,Tommy
2,Harry,Smith
x,Ben
1,Tommy
2,Harry,Smith
x,Ben
1,Tommy
2,Harry,Smith
x,Ben
1,Tommy
2,Harry,Smith
x,Ben
1,Tommy
2,Harry,Smith
x,Ben
1,Tommy
2,Harry,Smith
x,Ben
1,Tommy
2,Harry,Smith
x,Ben
1,Tommy
2,Harry,Smith
x,Ben
1,Tommy
2,Harry,Smith
x,Ben
1,Tommy
2,Harry,Smith
x,Ben
1,Tommy
2,Harry,Smith
x,Ben
1,Tommy
2,Harry,Smith
x,Ben
1,Tommy
2,Harry,Smith
x,Ben
1,Tommy
2,Harry,Smith
x,Ben
1,Tommy
2,Harry,Smith
x,Ben
1,Tommy
2,Harry,Smith
x,Ben
1,Tommy
2,Harry,Smith
x,Ben
1,Tommy
2,Harry,Smith
x,Ben
1,Tommy
2,Harry,Smith
x,Ben
1,Tommy
2,Harry,Smith
x,Ben
1,Tommy
2,Harry,Smith
x,Ben
1,Tommy
2,Harry,Smith
x,Ben
1,Tommy
2,Harry,Smith
x,Ben
1,Tommy
2,Harry,Smith
x,Ben
1,Tommy
2,Harry,Smith
x,Ben
1,Tommy
2,Harry,Smith
x,Ben
1,Tommy
2,Harry,Smith
x,Ben
1,Tommy
2,Harry,Smith
x,Ben
1,Tommy
2,Harry,Smith
x,Ben
1,Tommy
2,Harry,Smith
x,Ben
1,Tommy
2,Harry,Smith
x,Ben
1,Tommy
2,Harry,Smith
x,Ben
1,Tommy
2,Harry,Smith
x,Ben
1,Tommy
2,Harry,Smith
x,Ben
1,Tommy
2,Harry,Smith
x,Ben
1,Tommy
2,Harry,Smith
x,Ben
1,Tommy
2,Harry,Smith
x,Ben
1,Tommy
2,Harry,Smith
x,Ben
1,Tommy
2,Harry,Smith
x,Ben
1,Tommy
2,Harry,Smith
x,Ben
1,Tommy
2,Harry,Smith
x,Ben
1,Tommy
2,Harry,Smith
x,Ben
1,Tommy
2,Harry,Smith
x,Ben
1,Tommy
2,Harry,Smith
x,Ben
1,Tommy
2,Harry,Smith
x,Ben
1,Tommy
2,Harry,Smith
x,Ben
1,Tommy
2,Harry,Smith
x,Ben
1,Tommy
2,Harry,Smith
x,Ben
1,Tommy
2,Harry,Smith
x,Ben
1,Tommy
2,Harry,Smith
x,Ben
1,Tommy
2,Harry,Smith
x,Ben
1,Tommy
2,Harry,Smith
x,Ben
1,Tommy
2,Harry,Smith
x,Ben
1,Tommy
2,Harry,Smith
x,Ben
1,Tommy
2,Harry,Smith
x,Ben
1,Tommy
2,Harry,Smith
x,Ben
1,Tommy
2,Harry,Smith
x,Ben
1,Tommy
2,Harry,Smith
x,Ben
1,Tommy
2,Harry,Smith
x,Ben
1,Tommy
2,Harry,Smith
x,Ben
1,Tommy
2,Harry,Smith
x,Ben
1,Tommy
2,Harry,Smith
x,Ben
1,Tommy
2,Harry,Smith
x,Ben
1,Tommy
2,Harry,Smith
x,Ben
1,Tommy
2,Harry,Smith
x,Ben
1,Tommy
2,Harry,Smith
x,Ben
1,Tommy
2,Harry,Smith
x,Ben
1,Tommy
2,Harry,Smith
x,Ben
1,Tommy
2,Harry,Smith
x,Ben
1,Tommy
2,Harry,Smith
x,Ben
1,Tommy
2,Harry,Smith
x,Ben
1,Tommy
2,Harry,Smith
x,Ben
1,Tommy
2,Harry,Smith
x,Ben
1,Tommy
2,Harry,Smith
x,Ben
1,Tommy
2,Harry,Smith
x,Ben
1,Tommy
2,Harry,Smith
x,Ben
1,Tommy
2,Harry,Smith
x,Ben
1,Tommy
2,Harry,Smith
x,Ben
1,Tommy
2,Harry,Smith
x,Ben
1,Tommy
2,Harry,Smith
x,Ben
1,Tommy
2,Harry,Smith
x,Ben
1,Tommy
2,Harry,Smith
x,Ben
1,Tommy
2,Harry,Smith
x,Ben
1,Tommy
2,Harry,Smith
x,Ben
1,Tommy
2,Harry,Smith
x,Ben
1,Tommy
2,Harry,Smith
x,Ben
1,Tommy
2,Harry,Smith
x,Ben
1,Tommy
2,Harry,Smith
x,Ben
1,Tommy
2,Harry,Smith
x,Ben
1,Tommy
2,Harry,Smith
x,Ben
1,Tommy
2,Harry,Smith
x,Ben
1,Tommy
2,Harry,Smith
x,Ben
1,Tommy
2,Harry,Smith
x,Ben
1,Tommy
2,Harry,Smith
x,Ben
1,Tommy
2,Harry,Smith
x,Ben
1,Tommy
2,Harry,Smith
x,Ben
1,Tommy
2,Harry,Smith
x,Ben
1,Tommy
2,Harry,Smith
x,Ben
1,Tommy
2,Harry,Smith
x,Ben
1,Tommy
2,Harry,Smith
x,Ben
1,Tommy
2,Harry,Smith
x,Ben
1,Tommy
2,Harry,Smith
x,Ben
1,Tommy
2,Harry,Smith
x,Ben
1,Tommy
2,Harry,Smith
x,Ben
1,Tommy
2,Harry,Smith
x,Ben
1,Tommy
2,Harry,Smith
x,Ben
1,Tommy
2,Harry,Smith
x,Ben
1,Tommy
2,Harry,Smith
x,Ben
1,Tommy
2,Harry,Smith
x,Ben
1,Tommy
2,Harry,Smith
x,Ben
1,Tommy
2,Harry,Smith
x,Ben
1,Tommy
2,Harry,Smith
x,Ben
1,Tommy
2,Harry,Smith
x,Ben
1,Tommy
2,Harry,Smith
x,Ben
1,Tommy
2,Harry,Smith
x,Ben
1,Tommy
2,Harry,Smith
x,Ben
1,Tommy
2,Harry,Smith
x,Ben
1,Tommy
2,Harry,Smith
x,Ben
1,Tommy
2,Harry,Smith
x,Ben
1,Tommy
2,Harry,Smith
x,Ben
1,Tommy
2,Harry,Smith
x,Ben
1,Tommy
2,Harry,Smith
x,Ben
1,Tommy
2,Harry,Smith
x,Ben
1,Tommy
2,Harry,Smith
x,Ben
1,Tommy
2,Harry,Smith
x,Ben
1,Tommy
2,Harry,Smith
x,Ben
1,Tommy
2,Harry,Smith
x,Ben
1,Tommy
2,Harry,Smith
x,Ben
1,Tommy
2,Harry,Smith
x,Ben
1,Tommy
2,Harry,Smith
x,Ben
1,Tommy
2,Harry,Smith
x,Ben
1,Tommy
2,Harry,Smith
x,Ben
1,Tommy
2,Harry,Smith
x,Ben
1,Tommy
2,Harry,Smith
x,Ben
1,Tommy
2,Harry,Smith
x,Ben
1,Tommy
2,Harry,Smith
x,Ben
1,Tommy
2,Harry,Smith
x,Ben
1,Tommy
2,Harry,Smith
x,Ben
1,Tommy
2,Harry,Smith
x,Ben
1,Tommy
2,Harry,Smith
x,Ben
1,Tommy
2,Harry,Smith
x,Ben
1,Tommy
2,Harry,Smith
x,Ben
1,Tommy
2,Harry,Smith
x,Ben
1,Tommy
2,Harry,Smith
x,Ben
1,Tommy
2,Harry,Smith
x,Ben
1,Tommy
2,Harry,Smith
x,Ben
1,Tommy
2,Harry,Smith
x,Ben
1,Tommy
2,Harry,Smith
x,Ben
1,Tommy
2,Harry,Smith
x,Ben
1,Tommy
2,Harry,Smith
x,Ben
1,Tommy
2,Harry,Smith
x,Ben
1,Tommy
2,Harry,Smith
x,Ben
1,Tommy
2,Harry,Smith
x,Ben
1,Tommy
2,Harry,Smith
x,Ben
1,Tommy
2,Harry,Smith
x,Ben
1,Tommy
2,Harry,Smith
x,Ben
1,Tommy
2,Harry,Smith
x,Ben
1,Tommy
2,Harry,Smith
x,Ben
1,Tommy
2,Harry,Smith
x,Ben
1,Tommy
2,Harry,Smith
x,Ben
1,Tommy
2,Harry,Smith
x,Ben
1,Tommy
2,Harry,Smith
x,Ben
1,Tommy
2,Harry,Smith
x,Ben
1,Tommy
2,Harry,Smith
x,Ben
1,Tommy
2,Harry,Smith
x,Ben
1,Tommy
2,Harry,Smith
x,Ben
1,Tommy
2,Harry,Smith
x,Ben
1,Tommy
2,Harry,Smith
x,Ben
1,Tommy
2,Harry,Smith
x,Ben
1,Tommy
2,Harry,Smith
x,Ben
1,Tommy
2,Harry,Smith
x,Ben
1,Tommy
2,Harry,Smith
x,Ben
1,Tommy
2,Harry,Smith
x,Ben
1,Tommy
2,Harry,Smith
x,Ben
1,Tommy
2,Harry,Smith
x,Ben
1,Tommy
2,Harry,Smith
x,Ben
1,Tommy
2,Harry,Smith
x,Ben
1,Tommy
2,Harry,Smith
x,Ben
1,Tommy
2,Harry,Smith
x,Ben
1,Tommy
2,Harry,Smith
x,Ben
1,Tommy
2,Harry,Smith
x,Ben
1,Tommy
2,Harry,Smith
x,Ben
1,Tommy
2,Harry,Smith
x,Ben
1,Tommy
2,Harry,Smith
x,Ben
1,Tommy
2,Harry,Smith
x,Ben
1,Tommy
2,Harry,Smith
x,Ben
1,Tommy
2,Harry,Smith
x,Ben
1,Tommy
2,Harry,Smith
x,Ben
1,Tommy
2,Harry,Smith
x,Ben
1,Tommy
2,Harry,Smith
x,Ben
1,Tommy
2,Harry,Smith
x,Ben
1,Tommy
2,Harry,Smith
x,Ben
1,Tommy
2,Harry,Smith
x,Ben
1,Tommy
2,Harry,Smith
x,Ben
1,Tommy
2,Harry,Smith
x,Ben
1,Tommy
2,Harry,Smith
x,Ben
1,Tommy
2,Harry,Smith
x,Ben
1,Tommy
2,Harry,Smith
x,Ben
1,Tommy
2,Harry,Smith
x,Ben
1,Tommy
2,Harry,Smith
x,Ben
1,Tommy
2,Harry,Smith
x,Ben
1,Tommy
2,Harry,Smith
x,Ben
1,Tommy
2,Harry,Smith
x,Ben
1,Tommy
2,Harry,Smith
x,Ben
1,Tommy
2,Harry,Smith
x,Ben
1,Tommy
2,Harry,Smith
x,Ben
1,Tommy
2,Harry,Smith
x,Ben
1,Tommy
2,Harry,Smith
x,Ben
1,Tommy
2,Harry,Smith
x,Ben
1,Tommy
2,Harry,Smith
x,Ben
1,Tommy
2,Harry,Smith
x,Ben
1,Tommy
2,Harry,Smith
x,Ben
1,Tommy
2,Harry,Smith
x,Ben
1,Tommy
2,Harry,Smith
x,Ben
1,Tommy
2,Harry,Smith
x,Ben
1,Tommy
2,Harry,Smith
x,Ben
1,Tommy
2,Harry,Smith
x,Ben
1,Tommy
2,Harry,Smith
x,Ben
1,Tommy
2,Harry,Smith
x,Ben
1,Tommy
2,Harry,Smith
x,Ben
1,Tommy
2,Harry,Smith
x,Ben
1,Tommy
2,Harry,Smith
x,Ben
1,Tommy
2,Harry,Smith
x,Ben
1,Tommy
2,Harry,Smith
x,Ben
1,Tommy
2,Harry,Smith
x,Ben
1,Tommy
2,Harry,Smith
x,Ben
1,Tommy
2,Harry,Smith
x,Ben
1,Tommy
2,Harry,Smith
x,Ben
1,Tommy
2,Harry,Smith
x,Ben
1,Tommy
2,Harry,Smith
x,Ben
1,Tommy
2,Harry,Smith
x,Ben
1,Tommy
2,Harry,Smith
x,Ben
1,Tommy
2,Harry,Smith
x,Ben
1,Tommy
2,Harry,Smith
x,Ben
1,Tommy
2,Harry,Smith
x,Ben
1,Tommy
2,Harry,Smith
x,Ben
1,Tommy
2,Harry,Smith
x,Ben
1,Tommy
2,Harry,Smith
x,Ben
1,Tommy
2,Harry,Smith
x,Ben
1,Tommy
2,Harry,Smith
x,Ben
1,Tommy
2,Harry,Smith
x,Ben
1,Tommy
2,Harry,Smith
x,Ben
1,Tommy
2,Harry,Smith
x,Ben
1,Tommy
2,Harry,Smith
x,Ben
1,Tommy
2,Harry,Smith
x,Ben
1,Tommy
2,Harry,Smith
x,Ben
1,Tommy
2,Harry,Smith
x,Ben
1,Tommy
2,Harry,Smith
x,Ben
1,Tommy
2,Harry,Smith
x,Ben
1,Tommy
2,Harry,Smith
x,Ben
1,Tommy
2,Harry,Smith
x,Ben
1,Tommy
2,Harry,Smith
x,Ben
1,Tommy
2,Harry,Smith
x,Ben
1,Tommy
2,Harry,Smith
x,Ben
1,Tommy
2,Harry,Smith
x,Ben
1,Tommy
2,Harry,Smith
x,Ben
1,Tommy
2,Harry,Smith
x,Ben
1,Tommy
2,Harry,Smith
x,Ben
1,Tommy
2,Harry,Smith
x,Ben
1,Tommy
2,Harry,Smith
x,Ben
1,Tommy
2,Harry,Smith
x,Ben
1,Tommy
2,Harry,Smith
x,Ben
1,Tommy
2,Harry,Smith
x,Ben
1,Tommy
2,Harry,Smith
x,Ben
1,Tommy
2,Harry,Smith
x,Ben
1,Tommy
2,Harry,Smith
x,Ben
1,Tommy
2,Harry,Smith
x,Ben
1,Tommy
2,Harry,Smith
x,Ben
1,Tommy
2,Harry,Smith
x,Ben
1,Tommy
2,Harry,Smith
x,Ben
1,Tommy
2,Harry,Smith
x,Ben
1,Tommy
2,Harry,Smith
x,Ben
1,Tommy
2,Harry,Smith
x,Ben
1,Tommy
2,Harry,Smith
x,Ben
1,Tommy
2,Harry,Smith
x,Ben
1,Tommy
2,Harry,Smith
x,Ben
1,Tommy
2,Harry,Smith
x,Ben
1,Tommy
2,Harry,Smith
x,Ben
1,Tommy
2,Harry,Smith
x,Ben
1,Tommy
2,Harry,Smith
x,Ben
1,Tommy
2,Harry,Smith
x,Ben
1,Tommy
2,Harry,Smith
x,Ben
1,Tommy
2,Harry,Smith
x,Ben
1,Tommy
2,Harry,Smith
x,Ben
1,Tommy
2,Harry,Smith
x,Ben
1,Tommy
2,Harry,Smith
x,Ben
1,Tommy
2,Harry,Smith
x,Ben
1,Tommy
2,Harry,Smith
x,Ben
1,Tommy
2,Harry,Smith
x,Ben
1,Tommy
2,Harry,Smith
x,Ben
1,Tommy
2,Harry,Smith
x,Ben
1,Tommy
2,Harry,Smith
x,Ben
1,Tommy
2,Harry,Smith
x,Ben
1,Tommy
2,Harry,Smith
x,Ben
1,Tommy
2,Harry,Smith
x,Ben
1,Tommy
2,Harry,Smith
x,Ben
1,Tommy
2,Harry,Smith
x,Ben
1,Tommy
2,Harry,Smith
x,Ben
1,Tommy
2,Harry,Smith
x,Ben
1,Tommy
2,Harry,Smith
x,Ben
1,Tommy
2,Harry,Smith
x,Ben
1,Tommy
2,Harry,Smith
x,Ben
1,Tommy
2,Harry,Smith
x,Ben
1,Tommy
2,Harry,Smith
x,Ben
1,Tommy
2,Harry,Smith
x,Ben
1,Tommy
2,Harry,Smith
x,Ben
1,Tommy
2,Harry,Smith
x,Ben
1,Tommy
2,Harry,Smith
x,Ben
1,Tommy
2,Harry,Smith
x,Ben
1,Tommy
2,Harry,Smith
x,Ben
1,Tommy
2,Harry,Smith
x,Ben
1,Tommy
2,Harry,Smith
x,Ben
1,Tommy
2,Harry,Smith
x,Ben
1,Tommy
2,Harry,Smith
x,Ben
1,Tommy
2,Harry,Smith
x,Ben
1,Tommy
2,Harry,Smith
x,Ben
1,Tommy
2,Harry,Smith
x,Ben
1,Tommy
2,Harry,Smith
x,Ben
1,Tommy
2,Harry,Smith
x,Ben
1,Tommy
2,Harry,Smith
x,Ben
1,Tommy
2,Harry,Smith
x,Ben
1,Tommy
2,Harry,Smith
x,Ben
1,Tommy
2,Harry,Smith
x,Ben
1,Tommy
2,Harry,Smith
x,Ben
1,Tommy
2,Harry,Smith
x,Ben
1,Tommy
2,Harry,Smith
x,Ben
1,Tommy
2,Harry,Smith
x,Ben
1,Tommy
2,Harry,Smith
x,Ben
1,Tommy
2,Harry,Smith
x,Ben
1,Tommy
2,Harry,Smith
x,Ben
1,Tommy
2,Harry,Smith
x,Ben
1,Tommy
2,Harry,Smith
x,Ben
1,Tommy
2,Harry,Smith
x,Ben
1,Tommy
2,Harry,Smith
x,Ben
1,Tommy
2,Harry,Smith
x,Ben
1,Tommy
2,Harry,Smith
x,Ben
1,Tommy
2,Harry,Smith
x,Ben
1,Tommy
2,Harry,Smith
x,Ben
1,Tommy
2,Harry,Smith
x,Ben
1,Tommy
2,Harry,Smith
x,Ben
1,Tommy
2,Harry,Smith
x,Ben
1,Tommy
2,Harry,Smith
x,Ben
1,Tommy
2,Harry,Smith
x,Ben
1,Tommy
2,Harry,Smith
x,Ben
1,Tommy
2,Harry,Smith
x,Ben
1,Tommy
2,Harry,Smith
x,Ben
1,Tommy
2,Harry,Smith
x,Ben
1,Tommy
2,Harry,Smith
x,Ben
1,Tommy
2,Harry,Smith
x,Ben
1,Tommy
2,Harry,Smith
x,Ben
1,Tommy
2,Harry,Smith
x,Ben
1,Tommy
2,Harry,Smith
x,Ben
1,Tommy
2,Harry,Smith
x,Ben
1,Tommy
2,Harry,Smith
x,Ben
1,Tommy
2,Harry,Smith
x,Ben
1,Tommy
2,Harry,Smith
x,Ben
1,Tommy
2,Harry,Smith
x,Ben
1,Tommy
2,Harry,Smith
x,Ben
1,Tommy
2,Harry,Smith
x,Ben
1,Tommy
2,Harry,Smith
x,Ben
1,Tommy
2,Harry,Smith
x,Ben
1,Tommy
2,Harry,Smith
x,Ben
1,Tommy
2,Harry,Smith
x,Ben
1,Tommy
2,Harry,Smith
x,Ben
1,Tommy
2,Harry,Smith
x,Ben
1,Tommy
2,Harry,Smith
x,Ben
1,Tommy
2,Harry,Smith
x,Ben
1,Tommy
2,Harry,Smith
x,Ben
1,Tommy
2,Harry,Smith
x,Ben
1,Tommy
2,Harry,Smith
x,Ben
1,Tommy
2,Harry,Smith
x,Ben
1,Tommy
2,Harry,Smith
x,Ben
1,Tommy
2,Harry,Smith
x,Ben
1,Tommy
2,Harry,Smith
x,Ben
1,Tommy
2,Harry,Smith
x,Ben
1,Tommy
2,Harry,Smith
x,Ben
1,Tommy
2,Harry,Smith
x,Ben
1,Tommy
2,Harry,Smith
x,Ben
1,Tommy
2,Harry,Smith
x,Ben
1,Tommy
2,Harry,Smith
x,Ben
1,Tommy
2,Harry,Smith
x,Ben
1,Tommy
2,Harry,Smith
x,Ben
1,Tommy
2,Harry,Smith
x,Ben
1,Tommy
2,Harry,Smith
x,Ben
1,Tommy
2,Harry,Smith
x,Ben
1,Tommy
2,Harry,Smith
x,Ben
1,Tommy
2,Harry,Smith
x,Ben
1,Tommy
2,Harry,Smith
x,Ben
1,Tommy
2,Harry,Smith
x,Ben
1,Tommy
2,Harry,Smith
x,Ben
1,Tommy
2,Harry,Smith
x,Ben
1,Tommy
2,Harry,Smith
x,Ben
1,Tommy
2,Harry,Smith
x,Ben
1,Tommy
2,Harry,Smith
x,Ben
1,Tommy
2,Harry,Smith
x,Ben
1,Tommy
2,Harry,Smith
x,Ben
1,Tommy
2,Harry,Smith
x,Ben
1,Tommy
2,Harry,Smith
x,Ben
1,Tommy
2,Harry,Smith
x,Ben
1,Tommy
2,Harry,Smith
x,Ben
1,Tommy
2,Harry,Smith
x,Ben
1,Tommy
2,Harry,Smith
x,Ben
1,Tommy
2,Harry,Smith
x,Ben
1,Tommy
2,Harry,Smith
x,Ben
1,Tommy
2,Harry,Smith
x,Ben
1,Tommy
2,Harry,Smith
x,Ben
1,Tommy
2,Harry,Smith
x,Ben
1,Tommy
2,Harry,Smith
x,Ben
1,Tommy
2,Harry,Smith
x,Ben
1,Tommy
2,Harry,Smith
x,Ben
1,Tommy
2,Harry,Smith
x,Ben
1,Tommy
2,Harry,Smith
x,Ben
1,Tommy
2,Harry,Smith
x,Ben
1,Tommy
2,Harry,Smith
x,Ben
1,Tommy
2,Harry,Smith
x,Ben
1,Tommy
2,Harry,Smith
x,Ben
1,Tommy
2,Harry,Smith
x,Ben
1,Tommy
2,Harry,Smith
x,Ben
1,Tommy
2,Harry,Smith
x,Ben
1,Tommy
2,Harry,Smith
x,Ben
1,Tommy
2,Harry,Smith
x,Ben
1,Tommy
2,Harry,Smith
x,Ben
1,Tommy
2,Harry,Smith
x,Ben
1,Tommy
2,Harry,Smith
x,Ben
1,Tommy
2,Harry,Smith
x,Ben
1,Tommy
2,Harry,Smith
x,Ben
1,Tommy
2,Harry,Smith
x,Ben
1,Tommy
2,Harry,Smith
x,Ben
1,Tommy
2,Harry,Smith
x,Ben
1,Tommy
2,Harry,Smith
x,Ben
1,Tommy
2,Harry,Smith
x,Ben
1,Tommy
2,Harry,Smith
x,Ben
1,Tommy
2,Harry,Smith
x,Ben
1,Tommy
2,Harry,Smith
x,Ben
1,Tommy
2,Harry,Smith
x,Ben
1,Tommy
2,Harry,Smith
x,Ben
1,Tommy
2,Harry,Smith
x,Ben
1,Tommy
2,Harry,Smith
x,Ben
1,Tommy
2,Harry,Smith
x,Ben
1,Tommy
2,Harry,Smith
x,Ben
1,Tommy
2,Harry,Smith
x,Ben
1,Tommy
2,Harry,Smith
x,Ben
1,Tommy
2,Harry,Smith
x,Ben
1,Tommy
2,Harry,Smith
x,Ben
1,Tommy
2,Harry,Smith
x,Ben
1,Tommy
2,Harry,Smith
x,Ben
1,Tommy
2,Harry,Smith
x,Ben
1,Tommy
2,Harry,Smith
x,Ben
1,Tommy
2,Harry,Smith
x,Ben
1,Tommy
2,Harry,Smith
x,Ben
1,Tommy
2,Harry,Smith
x,Ben
1,Tommy
2,Harry,Smith
x,Ben
1,Tommy
2,Harry,Smith
x,Ben
1,Tommy
2,Harry,Smith
x,Ben
1,Tommy
2,Harry,Smith
x,Ben
1,Tommy
2,Harry,Smith
x,Ben
1,Tommy
2,Harry,Smith
x,Ben
1,Tommy
2,Harry,Smith
x,Ben
1,Tommy
2,Harry,Smith
x,Ben
1,Tommy
2,Harry,Smith
x,Ben
1,Tommy
2,Harry,Smith
x,Ben
1,Tommy
2,Harry,Smith
x,Ben
1,Tommy
2,Harry,Smith
x,Ben
1,Tommy
2,Harry,Smith
x,Ben
1,Tommy
2,Harry,Smith
x,Ben
1,Tommy
2,Harry,Smith
x,Ben
1,Tommy
2,Harry,Smith
x,Ben
1,Tommy
2,Harry,Smith
x,Ben
1,Tommy
2,Harry,Smith
x,Ben
1,Tommy
2,Harry,Smith
x,Ben
1,Tommy
2,Harry,Smith
x,Ben
1,Tommy
2,Harry,Smith
x,Ben
1,Tommy
2,Harry,Smith
x,Ben
1,Tommy
2,Harry,Smith
x,Ben
1,Tommy
2,Harry,Smith
x,Ben
1,Tommy
2,Harry,Smith
x,Ben
1,Tommy
2,Harry,Smith
x,Ben
1,Tommy
2,Harry,Smith
x,Ben
1,Tommy
2,Harry,Smith
x,Ben
1,Tommy
2,Harry,Smith
x,Ben
1,Tommy
2,Harry,Smith
x,Ben
1,Tommy
2,Harry,Smith
x,Ben
1,Tommy
2,Harry,Smith
x,Ben
1,Tommy
2,Harry,Smith
x,Ben
1,Tommy
2,Harry,Smith
x,Ben
1,Tommy
2,Harry,Smith
x,Ben
1,Tommy
2,Harry,Smith
x,Ben
1,Tommy
2,Harry,Smith
x,Ben
1,Tommy
2,Harry,Smith
x,Ben
1,Tommy
2,Harry,Smith
x,Ben
1,Tommy
2,Harry,Smith
x,Ben
1,Tommy
2,Harry,Smith
x,Ben
1,Tommy
2,Harry,Smith
x,Ben
1,Tommy
2,Harry,Smith
x,Ben
1,Tommy
2,Harry,Smith
x,Ben
1,Tommy
2,Harry,Smith
x,Ben
1,Tommy
2,Harry,Smith
x,Ben
1,Tommy
2,Harry,Smith
x,Ben
1,Tommy
2,Harry,Smith
x,Ben
1,Tommy
2,Harry,Smith
x,Ben
1,Tommy
2,Harry,Smith
x,Ben
1,Tommy
2,Harry,Smith
x,Ben
1,Tommy
2,Harry,Smith
x,Ben
1,Tommy
2,Harry,Smith
x,Ben
1,Tommy
2,Harry,Smith
x,Ben
1,Tommy
2,Harry,Smith
x,Ben
1,Tommy
2,Harry,Smith
x,Ben
1,Tommy
2,Harry,Smith
x,Ben
1,Tommy
2,Harry,Smith
x,Ben
1,Tommy
2,Harry,Smith
x,Ben
1,Tommy
2,Harry,Smith
x,Ben
1,Tommy
2,Harry,Smith
x,Ben
1,Tommy
2,Harry,Smith
x,Ben
1,Tommy
2,Harry,Smith
x,Ben
1,Tommy
2,Harry,Smith
x,Ben
1,Tommy
2,Harry,Smith
x,Ben
1,Tommy
2,Harry,Smith
x,Ben
1,Tommy
2,Harry,Smith
x,Ben
1,Tommy
2,Harry,Smith
x,Ben
1,Tommy
2,Harry,Smith
x,Ben
1,Tommy
2,Harry,Smith
x,Ben
1,Tommy
2,Harry,Smith
x,Ben
1,Tommy
2,Harry,Smith
x,Ben
1,Tommy
2,Harry,Smith
x,Ben
1,Tommy
2,Harry,Smith
x,Ben
1,Tommy
2,Harry,Smith
x,Ben
1,Tommy
2,Harry,Smith
x,Ben
1,Tommy
2,Harry,Smith
x,Ben
1,Tommy
2,Harry,Smith
x,Ben
1,Tommy
2,Harry,Smith
x,Ben
1,Tommy
2,Harry,Smith
x,Ben
1,Tommy
2,Harry,Smith
x,Ben
1,Tommy
2,Harry,Smith
x,Ben
1,Tommy
2,Harry,Smith
x,Ben
1,Tommy
2,Harry,Smith
x,Ben
1,Tommy
2,Harry,Smith
x,Ben
1,Tommy
2,Harry,Smith
x,Ben
1,Tommy
2,Harry,Smith
x,Ben
1,Tommy
2,Harry,Smith
x,Ben
1,Tommy
2,Harry,Smith
x,Ben
1,Tommy
2,Harry,Smith
x,Ben
1,Tommy
2,Harry,Smith
x,Ben
1,Tommy
2,Harry,Smith
x,Ben
1,Tommy
2,Harry,Smith
x,Ben
1,Tommy
2,Harry,Smith
x,Ben
1,Tommy
2,Harry,Smith
x,Ben
1,Tommy
2,Harry,Smith
x,Ben
1,Tommy
2,Harry,Smith
x,Ben
1,Tommy
2,Harry,Smith
x,Ben
1,Tommy
2,Harry,Smith
x,Ben
1,Tommy
2,Harry,Smith
x,Ben
1,Tommy
2,Harry,Smith
x,Ben
1,Tommy
2,Harry,Smith
x,Ben
1,Tommy
2,Harry,Smith
x,Ben
1,Tommy
2,Harry,Smith
x,Ben
1,Tommy
2,Harry,Smith
x,Ben
1,Tommy
2,Harry,Smith
x,Ben
1,Tommy
2,Harry,Smith
x,Ben
1,Tommy
2,Harry,Smith
x,Ben
1,Tommy
2,Harry,Smith
x,Ben
1,Tommy
2,Harry,Smith
x,Ben
1,Tommy
2,Harry,Smith
x,Ben
1,Tommy
2,Harry,Smith
x,Ben
1,Tommy
2,Harry,Smith
x,Ben
1,Tommy
2,Harry,Smith
x,Ben
1,Tommy
2,Harry,Smith
x,Ben
1,Tommy
2,Harry,Smith
x,Ben
1,Tommy
2,Harry,Smith
x,Ben
1,Tommy
2,Harry,Smith
x,Ben
1,Tommy
2,Harry,Smith
x,Ben
1,Tommy
2,Harry,Smith
x,Ben
1,Tommy
2,Harry,Smith
x,Ben
1,Tommy
2,Harry,Smith
x,Ben
1,Tommy
2,Harry,Smith
x,Ben
1,Tommy
2,Harry,Smith
x,Ben
1,Tommy
2,Harry,Smith
x,Ben
1,Tommy
2,Harry,Smith
x,Ben
1,Tommy
2,Harry,Smith
x,Ben
1,Tommy
2,Harry,Smith
x,Ben
1,Tommy
2,Harry,Smith
x,Ben
1,Tommy
2,Harry,Smith
x,Ben
1,Tommy
2,Harry,Smith
x,Ben
1,Tommy
2,Harry,Smith
x,Ben
1,Tommy
2,Harry,Smith
x,Ben
1,Tommy
2,Harry,Smith
x,Ben
1,Tommy
2,Harry,Smith
x,Ben
1,Tommy
2,Harry,Smith
x,Ben
1,Tommy
2,Harry,Smith
x,Ben
1,Tommy
2,Harry,Smith
x,Ben
1,Tommy
2,Harry,Smith
x,Ben
1,Tommy
2,Harry,Smith
x,Ben
1,Tommy
2,Harry,Smith
x,Ben
1,Tommy
2,Harry,Smith
x,Ben
1,Tommy
2,Harry,Smith
x,Ben
1,Tommy
2,Harry,Smith
x,Ben
1,Tommy
2,Harry,Smith
x,Ben
1,Tommy
2,Harry,Smith
x,Ben
1,Tommy
2,Harry,Smith
x,Ben
1,Tommy
2,Harry,Smith
x,Ben
1,Tommy
2,Harry,Smith
x,Ben
1,Tommy
2,Harry,Smith
x,Ben
1,Tommy
2,Harry,Smith
x,Ben
1,Tommy
2,Harry,Smith
x,Ben
1,Tommy
2,Harry,Smith
x,Ben
1,Tommy
2,Harry,Smith
x,Ben
1,Tommy
2,Harry,Smith
x,Ben
1,Tommy
2,Harry,Smith
x,Ben
1,Tommy
2,Harry,Smith
x,Ben
1,Tommy
2,Harry,Smith
x,Ben
1,Tommy
2,Harry,Smith
x,Ben
1,Tommy
2,Harry,Smith
x,Ben
1,Tommy
2,Harry,Smith
x,Ben
1,Tommy
2,Harry,Smith
x,Ben
1,Tommy
2,Harry,Smith
x,Ben
1,Tommy
2,Harry,Smith
x,Ben
1,Tommy
2,Harry,Smith
x,Ben
1,Tommy
2,Harry,Smith
x,Ben
1,Tommy
2,Harry,Smith
x,Ben
1,Tommy
2,Harry,Smith
x,Ben
1,Tommy
2,Harry,Smith
x,Ben
1,Tommy
2,Harry,Smith
x,Ben
1,Tommy
2,Harry,Smith
x,Ben
1,Tommy
2,Harry,Smith
x,Ben
1,Tommy
2,Harry,Smith
x,Ben
1,Tommy
2,Harry,Smith
x,Ben
1,Tommy
2,Harry,Smith
x,Ben
1,Tommy
2,Harry,Smith
x,Ben
1,Tommy
2,Harry,Smith
x,Ben
1,Tommy
2,Harry,Smith
x,Ben
1,Tommy
2,Harry,Smith
x,Ben
1,Tommy
2,Harry,Smith
x,Ben
1,Tommy
2,Harry,Smith
x,Ben
1,Tommy
2,Harry,Smith
x,Ben
1,Tommy
2,Harry,Smith
x,Ben
1,Tommy
2,Harry,Smith
x,Ben
1,Tommy
2,Harry,Smith
x,Ben
1,Tommy
2,Harry,Smith
x,Ben
1,Tommy
2,Harry,Smith
x,Ben
1,Tommy
2,Harry,Smith
x,Ben
1,Tommy
2,Harry,Smith
x,Ben
1,Tommy
2,Harry,Smith
x,Ben
1,Tommy
2,Harry,Smith
x,Ben
1,Tommy
2,Harry,Smith
x,Ben
1,Tommy
2,Harry,Smith
x,Ben
1,Tommy
2,Harry,Smith
x,Ben
1,Tommy
2,Harry,Smith
x,Ben
1,Tommy
2,Harry,Smith
x,Ben
1,Tommy
2,Harry,Smith
x,Ben
1,Tommy
2,Harry,Smith
x,Ben
1,Tommy
2,Harry,Smith
x,Ben
1,Tommy
2,Harry,Smith
x,Ben
1,Tommy
2,Harry,Smith
x,Ben
1,Tommy
2,Harry,Smith
x,Ben
1,Tommy
2,Harry,Smith
x,Ben
1,Tommy
2,Harry,Smith
x,Ben
1,Tommy
2,Harry,Smith
x,Ben
1,Tommy
2,Harry,Smith
x,Ben
1,Tommy
2,Harry,Smith
x,Ben
1,Tommy
2,Harry,Smith
x,Ben
1,Tommy
2,Harry,Smith
x,Ben
1,Tommy
2,Harry,Smith
x,Ben
1,Tommy
2,Harry,Smith
x,Ben
1,Tommy
2,Harry,Smith
x,Ben
1,Tommy
2,Harry,Smith
x,Ben
1,Tommy
2,Harry,Smith
x,Ben
1,Tommy
2,Harry,Smith
x,Ben
1,Tommy
2,Harry,Smith
x,Ben
1,Tommy
2,Harry,Smith
x,Ben
1,Tommy
2,Harry,Smith
x,Ben
1,Tommy
2,Harry,Smith
x,Ben
1,Tommy
2,Harry,Smith
x,Ben
1,Tommy
2,Harry,Smith
x,Ben
1,Tommy
2,Harry,Smith
x,Ben
1,Tommy
2,Harry,Smith
x,Ben
1,Tommy
2,Harry,Smith
x,Ben
1,Tommy
2,Harry,Smith
x,Ben
1,Tommy
2,Harry,Smith
x,Ben
1,Tommy
2,Harry,Smith
x,Ben
1,Tommy
2,Harry,Smith
x,Ben
1,Tommy
2,Harry,Smith
x,Ben
1,Tommy
2,Harry,Smith
x,Ben
1,Tommy
2,Harry,Smith
x,Ben
1,Tommy
2,Harry,Smith
x,Ben
1,Tommy
2,Harry,Smith
x,Ben
1,Tommy
2,Harry,Smith
x,Ben
1,Tommy
2,Harry,Smith
x,Ben
1,Tommy
2,Harry,Smith
x,Ben
1,Tommy
2,Harry,Smith
x,Ben
1,Tommy
2,Harry,Smith
x,Ben
1,Tommy
2,Harry,Smith
x,Ben
1,Tommy
2,Harry,Smith
x,Ben
1,Tommy
2,Harry,Smith
x,Ben
1,Tommy
2,Harry,Smith
x,Ben
1,Tommy
2,Harry,Smith
x,Ben
1,Tommy
2,Harry,Smith
x,Ben
1,Tommy
2,Harry,Smith
x,Ben
1,Tommy
2,Harry,Smith
x,Ben
1,Tommy
2,Harry,Smith
x,Ben
1,Tommy
2,Harry,Smith
x,Ben
1,Tommy
2,Harry,Smith
x,Ben
1,Tommy
2,Harry,Smith
x,Ben
1,Tommy
2,Harry,Smith
x,Ben
1,Tommy
2,Harry,Smith
x,Ben
1,Tommy
2,Harry,Smith
x,Ben
1,Tommy
2,Harry,Smith
x,Ben
1,Tommy
2,Harry,Smith
x,Ben
1,Tommy
2,Harry,Smith
x,Ben
1,Tommy
2,Harry,Smith
x,Ben
1,Tommy
2,Harry,Smith
x,Ben
1,Tommy
2,Harry,Smith
x,Ben
1,Tommy
2,Harry,Smith
x,Ben
1,Tommy
2,Harry,Smith
x,Ben
1,Tommy
2,Harry,Smith
x,Ben
1,Tommy
2,Harry,Smith
x,Ben
1,Tommy
2,Harry,Smith
x,Ben
1,Tommy
2,Harry,Smith
x,Ben
1,Tommy
2,Harry,Smith
x,Ben
1,Tommy
2,Harry,Smith
x,Ben
1,Tommy
2,Harry,Smith
x,Ben
1,Tommy
2,Harry,Smith
x,Ben
1,Tommy
2,Harry,Smith
x,Ben
1,Tommy
2,Harry,Smith
x,Ben
1,Tommy
2,Harry,Smith
x,Ben
1,Tommy
2,Harry,Smith
x,Ben
1,Tommy
2,Harry,Smith
x,Ben
1,Tommy
2,Harry,Smith
x,Ben
1,Tommy
2,Harry,Smith
x,Ben
1,Tommy
2,Harry,Smith
x,Ben
sequence,name
1,Tommy
2,Harry,Smith
x,Ben
1,Tommy
2,Harry,Smith
x,Ben
1,Tommy
2,Harry,Smith
x,Ben
1,Tommy
2,Harry,Smith
x,Ben
1,Tommy
2,Harry,Smith
x,Ben
1,Tommy
2,Harry,Smith
x,Ben
1,Tommy
2,Harry,Smith
x,Ben
1,Tommy
2,Harry,Smith
x,Ben
1,Tommy
2,Harry,Smith
x,Ben
1,Tommy
2,Harry,Smith
x,Ben
1,Tommy
2,Harry,Smith
x,Ben
1,Tommy
2,Harry,Smith
x,Ben
1,Tommy
2,Harry,Smith
x,Ben
1,Tommy
2,Harry,Smith
x,Ben
1,Tommy
2,Harry,Smith
x,Ben
1,Tommy
2,Harry,Smith
x,Ben
1,Tommy
2,Harry,Smith
x,Ben
1,Tommy
2,Harry,Smith
x,Ben
1,Tommy
2,Harry,Smith
x,Ben
1,Tommy
2,Harry,Smith
x,Ben
1,Tommy
2,Harry,Smith
x,Ben
1,Tommy
2,Harry,Smith
x,Ben
1,Tommy
2,Harry,Smith
x,Ben
1,Tommy
2,Harry,Smith
x,Ben
1,Tommy
2,Harry,Smith
x,Ben
1,Tommy
2,Harry,Smith
x,Ben
1,Tommy
2,Harry,Smith
x,Ben
1,Tommy
2,Harry,Smith
x,Ben
1,Tommy
2,Harry,Smith
x,Ben
1,Tommy
2,Harry,Smith
x,Ben
1,Tommy
2,Harry,Smith
x,Ben
1,Tommy
2,Harry,Smith
x,Ben
1,Tommy
2,Harry,Smith
x,Ben
1,Tommy
2,Harry,Smith
x,Ben
1,Tommy
2,Harry,Smith
x,Ben
1,Tommy
2,Harry,Smith
x,Ben
1,Tommy
2,Harry,Smith
x,Ben
1,Tommy
2,Harry,Smith
x,Ben
1,Tommy
2,Harry,Smith
x,Ben
1,Tommy
2,Harry,Smith
x,Ben
1,Tommy
2,Harry,Smith
x,Ben
1,Tommy
2,Harry,Smith
x,Ben
1,Tommy
2,Harry,Smith
x,Ben
1,Tommy
2,Harry,Smith
x,Ben
1,Tommy
2,Harry,Smith
x,Ben
1,Tommy
2,Harry,Smith
x,Ben
1,Tommy
2,Harry,Smith
x,Ben
1,Tommy
2,Harry,Smith
x,Ben
1,Tommy
2,Harry,Smith
x,Ben
1,Tommy
2,Harry,Smith
x,Ben
1,Tommy
2,Harry,Smith
x,Ben
1,Tommy
2,Harry,Smith
x,Ben
1,Tommy
2,Harry,Smith
x,Ben
1,Tommy
2,Harry,Smith
x,Ben
1,Tommy
2,Harry,Smith
x,Ben
1,Tommy
2,Harry,Smith
x,Ben
1,Tommy
2,Harry,Smith
x,Ben
1,Tommy
2,Harry,Smith
x,Ben
1,Tommy
2,Harry,Smith
x,Ben
1,Tommy
2,Harry,Smith
x,Ben
1,Tommy
2,Harry,Smith
x,Ben
1,Tommy
2,Harry,Smith
x,Ben
1,Tommy
2,Harry,Smith
x,Ben
1,Tommy
2,Harry,Smith
x,Ben
1,Tommy
2,Harry,Smith
x,Ben
1,Tommy
2,Harry,Smith
x,Ben
1,Tommy
2,Harry,Smith
x,Ben
1,Tommy
2,Harry,Smith
x,Ben
1,Tommy
2,Harry,Smith
x,Ben
1,Tommy
2,Harry,Smith
x,Ben
1,Tommy
2,Harry,Smith
x,Ben
1,Tommy
2,Harry,Smith
x,Ben
1,Tommy
2,Harry,Smith
x,Ben
1,Tommy
2,Harry,Smith
x,Ben
1,Tommy
2,Harry,Smith
x,Ben
1,Tommy
2,Harry,Smith
x,Ben
1,Tommy
2,Harry,Smith
x,Ben
1,Tommy
2,Harry,Smith
x,Ben
1,Tommy
2,Harry,Smith
x,Ben
1,Tommy
2,Harry,Smith
x,Ben
1,Tommy
2,Harry,Smith
x,Ben
1,Tommy
2,Harry,Smith
x,Ben
1,Tommy
2,Harry,Smith
x,Ben
1,Tommy
2,Harry,Smith
x,Ben
1,Tommy
2,Harry,Smith
x,Ben
1,Tommy
2,Harry,Smith
x,Ben
1,Tommy
2,Harry,Smith
x,Ben
1,Tommy
2,Harry,Smith
x,Ben
1,Tommy
2,Harry,Smith
x,Ben
1,Tommy
2,Harry,Smith
x,Ben
1,Tommy
2,Harry,Smith
x,Ben
1,Tommy
2,Harry,Smith
x,Ben
1,Tommy
2,Harry,Smith
x,Ben
1,Tommy
2,Harry,Smith
x,Ben
1,Tommy
2,Harry,Smith
x,Ben
1,Tommy
2,Harry,Smith
x,Ben
1,Tommy
2,Harry,Smith
x,Ben
1,Tommy
2,Harry,Smith
x,Ben
1,Tommy
2,Harry,Smith
x,Ben
1,Tommy
2,Harry,Smith
x,Ben
1,Tommy
2,Harry,Smith
x,Ben
1,Tommy
2,Harry,Smith
x,Ben
1,Tommy
2,Harry,Smith
x,Ben
1,Tommy
2,Harry,Smith
x,Ben
1,Tommy
2,Harry,Smith
x,Ben
1,Tommy
2,Harry,Smith
x,Ben
1,Tommy
2,Harry,Smith
x,Ben
1,Tommy
2,Harry,Smith
x,Ben
1,Tommy
2,Harry,Smith
x,Ben
1,Tommy
2,Harry,Smith
x,Ben
1,Tommy
2,Harry,Smith
x,Ben
1,Tommy
2,Harry,Smith
x,Ben
1,Tommy
2,Harry,Smith
x,Ben
1,Tommy
2,Harry,Smith
x,Ben
1,Tommy
2,Harry,Smith
x,Ben
1,Tommy
2,Harry,Smith
x,Ben
1,Tommy
2,Harry,Smith
x,Ben
1,Tommy
2,Harry,Smith
x,Ben
1,Tommy
2,Harry,Smith
x,Ben
1,Tommy
2,Harry,Smith
x,Ben
1,Tommy
2,Harry,Smith
x,Ben
1,Tommy
2,Harry,Smith
x,Ben
1,Tommy
2,Harry,Smith
x,Ben
1,Tommy
2,Harry,Smith
x,Ben
1,Tommy
2,Harry,Smith
x,Ben
1,Tommy
2,Harry,Smith
x,Ben
1,Tommy
2,Harry,Smith
x,Ben
1,Tommy
2,Harry,Smith
x,Ben
1,Tommy
2,Harry,Smith
x,Ben
1,Tommy
2,Harry,Smith
x,Ben
1,Tommy
2,Harry,Smith
x,Ben
1,Tommy
2,Harry,Smith
x,Ben
1,Tommy
2,Harry,Smith
x,Ben
1,Tommy
2,Harry,Smith
x,Ben
1,Tommy
2,Harry,Smith
x,Ben
1,Tommy
2,Harry,Smith
x,Ben
1,Tommy
2,Harry,Smith
x,Ben
1,Tommy
2,Harry,Smith
x,Ben
1,Tommy
2,Harry,Smith
x,Ben
1,Tommy
2,Harry,Smith
x,Ben
1,Tommy
2,Harry,Smith
x,Ben
1,Tommy
2,Harry,Smith
x,Ben
1,Tommy
2,Harry,Smith
x,Ben
1,Tommy
2,Harry,Smith
x,Ben
1,Tommy
2,Harry,Smith
x,Ben
1,Tommy
2,Harry,Smith
x,Ben
1,Tommy
2,Harry,Smith
x,Ben
1,Tommy
2,Harry,Smith
x,Ben
1,Tommy
2,Harry,Smith
x,Ben
1,Tommy
2,Harry,Smith
x,Ben
1,Tommy
2,Harry,Smith
x,Ben
1,Tommy
2,Harry,Smith
x,Ben
1,Tommy
2,Harry,Smith
x,Ben
1,Tommy
2,Harry,Smith
x,Ben
1,Tommy
2,Harry,Smith
x,Ben
1,Tommy
2,Harry,Smith
x,Ben
1,Tommy
2,Harry,Smith
x,Ben
1,Tommy
2,Harry,Smith
x,Ben
1,Tommy
2,Harry,Smith
x,Ben
1,Tommy
2,Harry,Smith
x,Ben
1,Tommy
2,Harry,Smith
x,Ben
1,Tommy
2,Harry,Smith
x,Ben
1,Tommy
2,Harry,Smith
x,Ben
1,Tommy
2,Harry,Smith
x,Ben
1,Tommy
2,Harry,Smith
x,Ben
1,Tommy
2,Harry,Smith
x,Ben
1,Tommy
2,Harry,Smith
x,Ben
1,Tommy
2,Harry,Smith
x,Ben
1,Tommy
2,Harry,Smith
x,Ben
1,Tommy
2,Harry,Smith
x,Ben
1,Tommy
2,Harry,Smith
x,Ben
1,Tommy
2,Harry,Smith
x,Ben
1,Tommy
2,Harry,Smith
x,Ben
1,Tommy
2,Harry,Smith
x,Ben
1,Tommy
2,Harry,Smith
x,Ben
1,Tommy
2,Harry,Smith
x,Ben
1,Tommy
2,Harry,Smith
x,Ben
1,Tommy
2,Harry,Smith
x,Ben
1,Tommy
2,Harry,Smith
x,Ben
1,Tommy
2,Harry,Smith
x,Ben
1,Tommy
2,Harry,Smith
x,Ben
1,Tommy
2,Harry,Smith
x,Ben
1,Tommy
2,Harry,Smith
x,Ben
1,Tommy
2,Harry,Smith
x,Ben
1,Tommy
2,Harry,Smith
x,Ben
1,Tommy
2,Harry,Smith
x,Ben
1,Tommy
2,Harry,Smith
x,Ben
1,Tommy
2,Harry,Smith
x,Ben
1,Tommy
2,Harry,Smith
x,Ben
1,Tommy
2,Harry,Smith
x,Ben
1,Tommy
2,Harry,Smith
x,Ben
1,Tommy
2,Harry,Smith
x,Ben
1,Tommy
2,Harry,Smith
x,Ben
1,Tommy
2,Harry,Smith
x,Ben
1,Tommy
2,Harry,Smith
x,Ben
1,Tommy
2,Harry,Smith
x,Ben
1,Tommy
2,Harry,Smith
x,Ben
1,Tommy
2,Harry,Smith
x,Ben
1,Tommy
2,Harry,Smith
x,Ben
1,Tommy
2,Harry,Smith
x,Ben
1,Tommy
2,Harry,Smith
x,Ben
1,Tommy
2,Harry,Smith
x,Ben
1,Tommy
2,Harry,Smith
x,Ben
1,Tommy
2,Harry,Smith
x,Ben
1,Tommy
2,Harry,Smith
x,Ben
1,Tommy
2,Harry,Smith
x,Ben
1,Tommy
2,Harry,Smith
x,Ben
1,Tommy
2,Harry,Smith
x,Ben
1,Tommy
2,Harry,Smith
x,Ben
1,Tommy
2,Harry,Smith
x,Ben
1,Tommy
2,Harry,Smith
x,Ben
1,Tommy
2,Harry,Smith
x,Ben
1,Tommy
2,Harry,Smith
x,Ben
1,Tommy
2,Harry,Smith
x,Ben
1,Tommy
2,Harry,Smith
x,Ben
1,Tommy
2,Harry,Smith
x,Ben
1,Tommy
2,Harry,Smith
x,Ben
1,Tommy
2,Harry,Smith
x,Ben
1,Tommy
2,Harry,Smith
x,Ben
1,Tommy
2,Harry,Smith
x,Ben
1,Tommy
2,Harry,Smith
x,Ben
1,Tommy
2,Harry,Smith
x,Ben
1,Tommy
2,Harry,Smith
x,Ben
1,Tommy
2,Harry,Smith
x,Ben
1,Tommy
2,Harry,Smith
x,Ben
1,Tommy
2,Harry,Smith
x,Ben
1,Tommy
2,Harry,Smith
x,Ben
1,Tommy
2,Harry,Smith
x,Ben
1,Tommy
2,Harry,Smith
x,Ben
1,Tommy
2,Harry,Smith
x,Ben
1,Tommy
2,Harry,Smith
x,Ben
1,Tommy
2,Harry,Smith
x,Ben
1,Tommy
2,Harry,Smith
x,Ben
1,Tommy
2,Harry,Smith
x,Ben
1,Tommy
2,Harry,Smith
x,Ben
1,Tommy
2,Harry,Smith
x,Ben
1,Tommy
2,Harry,Smith
x,Ben
1,Tommy
2,Harry,Smith
x,Ben
1,Tommy
2,Harry,Smith
x,Ben
1,Tommy
2,Harry,Smith
x,Ben
1,Tommy
2,Harry,Smith
x,Ben
1,Tommy
2,Harry,Smith
x,Ben
1,Tommy
2,Harry,Smith
x,Ben
1,Tommy
2,Harry,Smith
x,Ben
1,Tommy
2,Harry,Smith
x,Ben
1,Tommy
2,Harry,Smith
x,Ben
1,Tommy
2,Harry,Smith
x,Ben
1,Tommy
2,Harry,Smith
x,Ben
1,Tommy
2,Harry,Smith
x,Ben
1,Tommy
2,Harry,Smith
x,Ben
1,Tommy
2,Harry,Smith
x,Ben
1,Tommy
2,Harry,Smith
x,Ben
1,Tommy
2,Harry,Smith
x,Ben
1,Tommy
2,Harry,Smith
x,Ben
1,Tommy
2,Harry,Smith
x,Ben
1,Tommy
2,Harry,Smith
x,Ben
1,Tommy
2,Harry,Smith
x,Ben
1,Tommy
2,Harry,Smith
x,Ben
1,Tommy
2,Harry,Smith
x,Ben
1,Tommy
2,Harry,Smith
x,Ben
1,Tommy
2,Harry,Smith
x,Ben
1,Tommy
2,Harry,Smith
x,Ben
1,Tommy
2,Harry,Smith
x,Ben
1,Tommy
2,Harry,Smith
x,Ben
1,Tommy
2,Harry,Smith
x,Ben
1,Tommy
2,Harry,Smith
x,Ben
1,Tommy
2,Harry,Smith
x,Ben
1,Tommy
2,Harry,Smith
x,Ben
1,Tommy
2,Harry,Smith
x,Ben
1,Tommy
2,Harry,Smith
x,Ben
1,Tommy
2,Harry,Smith
x,Ben
1,Tommy
2,Harry,Smith
x,Ben
1,Tommy
2,Harry,Smith
x,Ben
1,Tommy
2,Harry,Smith
x,Ben
1,Tommy
2,Harry,Smith
x,Ben
1,Tommy
2,Harry,Smith
x,Ben
1,Tommy
2,Harry,Smith
x,Ben
1,Tommy
2,Harry,Smith
x,Ben
1,Tommy
2,Harry,Smith
x,Ben
1,Tommy
2,Harry,Smith
x,Ben
1,Tommy
2,Harry,Smith
x,Ben
1,Tommy
2,Harry,Smith
x,Ben
1,Tommy
2,Harry,Smith
x,Ben
1,Tommy
2,Harry,Smith
x,Ben
1,Tommy
2,Harry,Smith
x,Ben
1,Tommy
2,Harry,Smith
x,Ben
1,Tommy
2,Harry,Smith
x,Ben
1,Tommy
2,Harry,Smith
x,Ben
1,Tommy
2,Harry,Smith
x,Ben
1,Tommy
2,Harry,Smith
x,Ben
1,Tommy
2,Harry,Smith
x,Ben
1,Tommy
2,Harry,Smith
x,Ben
1,Tommy
2,Harry,Smith
x,Ben
1,Tommy
2,Harry,Smith
x,Ben
1,Tommy
2,Harry,Smith
x,Ben
1,Tommy
2,Harry,Smith
x,Ben
1,Tommy
2,Harry,Smith
x,Ben
1,Tommy
2,Harry,Smith
x,Ben
1,Tommy
2,Harry,Smith
x,Ben
1,Tommy
2,Harry,Smith
x,Ben
1,Tommy
2,Harry,Smith
x,Ben
1,Tommy
2,Harry,Smith
x,Ben
1,Tommy
2,Harry,Smith
x,Ben
1,Tommy
2,Harry,Smith
x,Ben
1,Tommy
2,Harry,Smith
x,Ben
1,Tommy
2,Harry,Smith
x,Ben
1,Tommy
2,Harry,Smith
x,Ben
1,Tommy
2,Harry,Smith
x,Ben
1,Tommy
2,Harry,Smith
x,Ben
1,Tommy
2,Harry,Smith
x,Ben
1,Tommy
2,Harry,Smith
x,Ben
1,Tommy
2,Harry,Smith
x,Ben
1,Tommy
2,Harry,Smith
x,Ben
1,Tommy
2,Harry,Smith
x,Ben
1,Tommy
2,Harry,Smith
x,Ben
1,Tommy
2,Harry,Smith
x,Ben
1,Tommy
2,Harry,Smith
x,Ben
1,Tommy
2,Harry,Smith
x,Ben
1,Tommy
2,Harry,Smith
x,Ben
1,Tommy
2,Harry,Smith
x,Ben
1,Tommy
2,Harry,Smith
x,Ben
1,Tommy
2,Harry,Smith
x,Ben
1,Tommy
2,Harry,Smith
x,Ben
1,Tommy
2,Harry,Smith
x,Ben
1,Tommy
2,Harry,Smith
x,Ben
1,Tommy
2,Harry,Smith
x,Ben
1,Tommy
2,Harry,Smith
x,Ben
1,Tommy
2,Harry,Smith
x,Ben
1,Tommy
2,Harry,Smith
x,Ben
1,Tommy
2,Harry,Smith
x,Ben
1,Tommy
2,Harry,Smith
x,Ben
1,Tommy
2,Harry,Smith
x,Ben
1,Tommy
2,Harry,Smith
x,Ben
1,Tommy
2,Harry,Smith
x,Ben
1,Tommy
2,Harry,Smith
x,Ben
1,Tommy
2,Harry,Smith
x,Ben
1,Tommy
2,Harry,Smith
x,Ben
1,Tommy
2,Harry,Smith
x,Ben
1,Tommy
2,Harry,Smith
x,Ben
1,Tommy
2,Harry,Smith
x,Ben
1,Tommy
2,Harry,Smith
x,Ben
1,Tommy
2,Harry,Smith
x,Ben
1,Tommy
2,Harry,Smith
x,Ben
1,Tommy
2,Harry,Smith
x,Ben
1,Tommy
2,Harry,Smith
x,Ben
1,Tommy
2,Harry,Smith
x,Ben
1,Tommy
2,Harry,Smith
x,Ben
1,Tommy
2,Harry,Smith
x,Ben
1,Tommy
2,Harry,Smith
x,Ben
1,Tommy
2,Harry,Smith
x,Ben
1,Tommy
2,Harry,Smith
x,Ben
1,Tommy
2,Harry,Smith
x,Ben
1,Tommy
2,Harry,Smith
x,Ben
1,Tommy
2,Harry,Smith
x,Ben
1,Tommy
2,Harry,Smith
x,Ben
1,Tommy
2,Harry,Smith
x,Ben
1,Tommy
2,Harry,Smith
x,Ben
1,Tommy
2,Harry,Smith
x,Ben
1,Tommy
2,Harry,Smith
x,Ben
1,Tommy
2,Harry,Smith
x,Ben
1,Tommy
2,Harry,Smith
x,Ben
1,Tommy
2,Harry,Smith
x,Ben
1,Tommy
2,Harry,Smith
x,Ben
1,Tommy
2,Harry,Smith
x,Ben
1,Tommy
2,Harry,Smith
x,Ben
1,Tommy
2,Harry,Smith
x,Ben
1,Tommy
2,Harry,Smith
x,Ben
1,Tommy
2,Harry,Smith
x,Ben
1,Tommy
2,Harry,Smith
x,Ben
1,Tommy
2,Harry,Smith
x,Ben
1,Tommy
2,Harry,Smith
x,Ben
1,Tommy
2,Harry,Smith
x,Ben
1,Tommy
2,Harry,Smith
x,Ben
1,Tommy
2,Harry,Smith
x,Ben
1,Tommy
2,Harry,Smith
x,Ben
1,Tommy
2,Harry,Smith
x,Ben
1,Tommy
2,Harry,Smith
x,Ben
1,Tommy
2,Harry,Smith
x,Ben
1,Tommy
2,Harry,Smith
x,Ben
1,Tommy
2,Harry,Smith
x,Ben
1,Tommy
2,Harry,Smith
x,Ben
1,Tommy
2,Harry,Smith
x,Ben
1,Tommy
2,Harry,Smith
x,Ben
1,Tommy
2,Harry,Smith
x,Ben
1,Tommy
2,Harry,Smith
x,Ben
1,Tommy
2,Harry,Smith
x,Ben
1,Tommy
2,Harry,Smith
x,Ben
1,Tommy
2,Harry,Smith
x,Ben
1,Tommy
2,Harry,Smith
x,Ben
1,Tommy
2,Harry,Smith
x,Ben
1,Tommy
2,Harry,Smith
x,Ben
1,Tommy
2,Harry,Smith
x,Ben
1,Tommy
2,Harry,Smith
x,Ben
1,Tommy
2,Harry,Smith
x,Ben
1,Tommy
2,Harry,Smith
x,Ben
1,Tommy
2,Harry,Smith
x,Ben
1,Tommy
2,Harry,Smith
x,Ben
1,Tommy
2,Harry,Smith
x,Ben
1,Tommy
2,Harry,Smith
x,Ben
1,Tommy
2,Harry,Smith
x,Ben
1,Tommy
2,Harry,Smith
x,Ben
1,Tommy
2,Harry,Smith
x,Ben
1,Tommy
2,Harry,Smith
x,Ben
1,Tommy
2,Harry,Smith
x,Ben
1,Tommy
2,Harry,Smith
x,Ben
1,Tommy
2,Harry,Smith
x,Ben
1,Tommy
2,Harry,Smith
x,Ben
1,Tommy
2,Harry,Smith
x,Ben
1,Tommy
2,Harry,Smith
x,Ben
1,Tommy
2,Harry,Smith
x,Ben
1,Tommy
2,Harry,Smith
x,Ben
1,Tommy
2,Harry,Smith
x,Ben
1,Tommy
2,Harry,Smith
x,Ben
1,Tommy
2,Harry,Smith
x,Ben
1,Tommy
2,Harry,Smith
x,Ben
1,Tommy
2,Harry,Smith
x,Ben
1,Tommy
2,Harry,Smith
x,Ben
1,Tommy
2,Harry,Smith
x,Ben
1,Tommy
2,Harry,Smith
x,Ben
1,Tommy
2,Harry,Smith
x,Ben
1,Tommy
2,Harry,Smith
x,Ben
1,Tommy
2,Harry,Smith
x,Ben
1,Tommy
2,Harry,Smith
x,Ben
1,Tommy
2,Harry,Smith
x,Ben
1,Tommy
2,Harry,Smith
x,Ben
1,Tommy
2,Harry,Smith
x,Ben
1,Tommy
2,Harry,Smith
x,Ben
1,Tommy
2,Harry,Smith
x,Ben
1,Tommy
2,Harry,Smith
x,Ben
1,Tommy
2,Harry,Smith
x,Ben
1,Tommy
2,Harry,Smith
x,Ben
1,Tommy
2,Harry,Smith
x,Ben
1,Tommy
2,Harry,Smith
x,Ben
1,Tommy
2,Harry,Smith
x,Ben
1,Tommy
2,Harry,Smith
x,Ben
1,Tommy
2,Harry,Smith
x,Ben
1,Tommy
2,Harry,Smith
x,Ben
1,Tommy
2,Harry,Smith
x,Ben
1,Tommy
2,Harry,Smith
x,Ben
1,Tommy
2,Harry,Smith
x,Ben
1,Tommy
2,Harry,Smith
x,Ben
1,Tommy
2,Harry,Smith
x,Ben
1,Tommy
2,Harry,Smith
x,Ben
1,Tommy
2,Harry,Smith
x,Ben
1,Tommy
2,Harry,Smith
x,Ben
1,Tommy
2,Harry,Smith
x,Ben
1,Tommy
2,Harry,Smith
x,Ben
1,Tommy
2,Harry,Smith
x,Ben
1,Tommy
2,Harry,Smith
x,Ben
1,Tommy
2,Harry,Smith
x,Ben
1,Tommy
2,Harry,Smith
x,Ben
1,Tommy
2,Harry,Smith
x,Ben
1,Tommy
2,Harry,Smith
x,Ben
1,Tommy
2,Harry,Smith
x,Ben
1,Tommy
2,Harry,Smith
x,Ben
1,Tommy
2,Harry,Smith
x,Ben
1,Tommy
2,Harry,Smith
x,Ben
1,Tommy
2,Harry,Smith
x,Ben
1,Tommy
2,Harry,Smith
x,Ben
1,Tommy
2,Harry,Smith
x,Ben
1,Tommy
2,Harry,Smith
x,Ben
1,Tommy
2,Harry,Smith
x,Ben
1,Tommy
2,Harry,Smith
x,Ben
1,Tommy
2,Harry,Smith
x,Ben
1,Tommy
2,Harry,Smith
x,Ben
1,Tommy
2,Harry,Smith
x,Ben
1,Tommy
2,Harry,Smith
x,Ben
1,Tommy
2,Harry,Smith
x,Ben
1,Tommy
2,Harry,Smith
x,Ben
1,Tommy
2,Harry,Smith
x,Ben
1,Tommy
2,Harry,Smith
x,Ben
1,Tommy
2,Harry,Smith
x,Ben
1,Tommy
2,Harry,Smith
x,Ben
1,Tommy
2,Harry,Smith
x,Ben
1,Tommy
2,Harry,Smith
x,Ben
1,Tommy
2,Harry,Smith
x,Ben
1,Tommy
2,Harry,Smith
x,Ben
1,Tommy
2,Harry,Smith
x,Ben
1,Tommy
2,Harry,Smith
x,Ben
1,Tommy
2,Harry,Smith
x,Ben
1,Tommy
2,Harry,Smith
x,Ben
1,Tommy
2,Harry,Smith
x,Ben
1,Tommy
2,Harry,Smith
x,Ben
1,Tommy
2,Harry,Smith
x,Ben
1,Tommy
2,Harry,Smith
x,Ben
1,Tommy
2,Harry,Smith
x,Ben
1,Tommy
2,Harry,Smith
x,Ben
1,Tommy
2,Harry,Smith
x,Ben
1,Tommy
2,Harry,Smith
x,Ben
1,Tommy
2,Harry,Smith
x,Ben
1,Tommy
2,Harry,Smith
x,Ben
1,Tommy
2,Harry,Smith
x,Ben
1,Tommy
2,Harry,Smith
x,Ben
1,Tommy
2,Harry,Smith
x,Ben
1,Tommy
2,Harry,Smith
x,Ben
1,Tommy
2,Harry,Smith
x,Ben
1,Tommy
2,Harry,Smith
x,Ben
1,Tommy
2,Harry,Smith
x,Ben
1,Tommy
2,Harry,Smith
x,Ben
1,Tommy
2,Harry,Smith
x,Ben
1,Tommy
2,Harry,Smith
x,Ben
1,Tommy
2,Harry,Smith
x,Ben
1,Tommy
2,Harry,Smith
x,Ben
1,Tommy
2,Harry,Smith
x,Ben
1,Tommy
2,Harry,Smith
x,Ben
1,Tommy
2,Harry,Smith
x,Ben
1,Tommy
2,Harry,Smith
x,Ben
1,Tommy
2,Harry,Smith
x,Ben
1,Tommy
2,Harry,Smith
x,Ben
1,Tommy
2,Harry,Smith
x,Ben
1,Tommy
2,Harry,Smith
x,Ben
1,Tommy
2,Harry,Smith
x,Ben
1,Tommy
2,Harry,Smith
x,Ben
1,Tommy
2,Harry,Smith
x,Ben
1,Tommy
2,Harry,Smith
x,Ben
1,Tommy
2,Harry,Smith
x,Ben
1,Tommy
2,Harry,Smith
x,Ben
1,Tommy
2,Harry,Smith
x,Ben
1,Tommy
2,Harry,Smith
x,Ben
1,Tommy
2,Harry,Smith
x,Ben
1,Tommy
2,Harry,Smith
x,Ben
1,Tommy
2,Harry,Smith
x,Ben
1,Tommy
2,Harry,Smith
x,Ben
1,Tommy
2,Harry,Smith
x,Ben
1,Tommy
2,Harry,Smith
x,Ben
1,Tommy
2,Harry,Smith
x,Ben
1,Tommy
2,Harry,Smith
x,Ben
1,Tommy
2,Harry,Smith
x,Ben
1,Tommy
2,Harry,Smith
x,Ben
1,Tommy
2,Harry,Smith
x,Ben
1,Tommy
2,Harry,Smith
x,Ben
1,Tommy
2,Harry,Smith
x,Ben
1,Tommy
2,Harry,Smith
x,Ben
1,Tommy
2,Harry,Smith
x,Ben
1,Tommy
2,Harry,Smith
x,Ben
1,Tommy
2,Harry,Smith
x,Ben
1,Tommy
2,Harry,Smith
x,Ben
1,Tommy
2,Harry,Smith
x,Ben
1,Tommy
2,Harry,Smith
x,Ben
1,Tommy
2,Harry,Smith
x,Ben
1,Tommy
2,Harry,Smith
x,Ben
1,Tommy
2,Harry,Smith
x,Ben
1,Tommy
2,Harry,Smith
x,Ben
1,Tommy
2,Harry,Smith
x,Ben
1,Tommy
2,Harry,Smith
x,Ben
1,Tommy
2,Harry,Smith
x,Ben
1,Tommy
2,Harry,Smith
x,Ben
1,Tommy
2,Harry,Smith
x,Ben
1,Tommy
2,Harry,Smith
x,Ben
1,Tommy
2,Harry,Smith
x,Ben
1,Tommy
2,Harry,Smith
x,Ben
1,Tommy
2,Harry,Smith
x,Ben
1,Tommy
2,Harry,Smith
x,Ben
1,Tommy
2,Harry,Smith
x,Ben
1,Tommy
2,Harry,Smith
x,Ben
1,Tommy
2,Harry,Smith
x,Ben
1,Tommy
2,Harry,Smith
x,Ben
1,Tommy
2,Harry,Smith
x,Ben
1,Tommy
2,Harry,Smith
x,Ben
1,Tommy
2,Harry,Smith
x,Ben
1,Tommy
2,Harry,Smith
x,Ben
1,Tommy
2,Harry,Smith
x,Ben
1,Tommy
2,Harry,Smith
x,Ben
1,Tommy
2,Harry,Smith
x,Ben
1,Tommy
2,Harry,Smith
x,Ben
1,Tommy
2,Harry,Smith
x,Ben
1,Tommy
2,Harry,Smith
x,Ben
1,Tommy
2,Harry,Smith
x,Ben
1,Tommy
2,Harry,Smith
x,Ben
1,Tommy
2,Harry,Smith
x,Ben
1,Tommy
2,Harry,Smith
x,Ben
1,Tommy
2,Harry,Smith
x,Ben
1,Tommy
2,Harry,Smith
x,Ben
1,Tommy
2,Harry,Smith
x,Ben
1,Tommy
2,Harry,Smith
x,Ben
1,Tommy
2,Harry,Smith
x,Ben
1,Tommy
2,Harry,Smith
x,Ben
1,Tommy
2,Harry,Smith
x,Ben
1,Tommy
2,Harry,Smith
x,Ben
1,Tommy
2,Harry,Smith
x,Ben
1,Tommy
2,Harry,Smith
x,Ben
1,Tommy
2,Harry,Smith
x,Ben
1,Tommy
2,Harry,Smith
x,Ben
1,Tommy
2,Harry,Smith
x,Ben
1,Tommy
2,Harry,Smith
x,Ben
1,Tommy
2,Harry,Smith
x,Ben
1,Tommy
2,Harry,Smith
x,Ben
1,Tommy
2,Harry,Smith
x,Ben
1,Tommy
2,Harry,Smith
x,Ben
1,Tommy
2,Harry,Smith
x,Ben
1,Tommy
2,Harry,Smith
x,Ben
1,Tommy
2,Harry,Smith
x,Ben
1,Tommy
2,Harry,Smith
x,Ben
1,Tommy
2,Harry,Smith
x,Ben
1,Tommy
2,Harry,Smith
x,Ben
1,Tommy
2,Harry,Smith
x,Ben
1,Tommy
2,Harry,Smith
x,Ben
1,Tommy
2,Harry,Smith
x,Ben
1,Tommy
2,Harry,Smith
x,Ben
1,Tommy
2,Harry,Smith
x,Ben
1,Tommy
2,Harry,Smith
x,Ben
1,Tommy
2,Harry,Smith
x,Ben
1,Tommy
2,Harry,Smith
x,Ben
1,Tommy
2,Harry,Smith
x,Ben
1,Tommy
2,Harry,Smith
x,Ben
1,Tommy
2,Harry,Smith
x,Ben
1,Tommy
2,Harry,Smith
x,Ben
1,Tommy
2,Harry,Smith
x,Ben
1,Tommy
2,Harry,Smith
x,Ben
1,Tommy
2,Harry,Smith
x,Ben
1,Tommy
2,Harry,Smith
x,Ben
1,Tommy
2,Harry,Smith
x,Ben
1,Tommy
2,Harry,Smith
x,Ben
1,Tommy
2,Harry,Smith
x,Ben
1,Tommy
2,Harry,Smith
x,Ben
1,Tommy
2,Harry,Smith
x,Ben
1,Tommy
2,Harry,Smith
x,Ben
1,Tommy
2,Harry,Smith
x,Ben
1,Tommy
2,Harry,Smith
x,Ben
1,Tommy
2,Harry,Smith
x,Ben
1,Tommy
2,Harry,Smith
x,Ben
1,Tommy
2,Harry,Smith
x,Ben
1,Tommy
2,Harry,Smith
x,Ben
1,Tommy
2,Harry,Smith
x,Ben
1,Tommy
2,Harry,Smith
x,Ben
1,Tommy
2,Harry,Smith
x,Ben
1,Tommy
2,Harry,Smith
x,Ben
1,Tommy
2,Harry,Smith
x,Ben
1,Tommy
2,Harry,Smith
x,Ben
1,Tommy
2,Harry,Smith
x,Ben
1,Tommy
2,Harry,Smith
x,Ben
1,Tommy
2,Harry,Smith
x,Ben
1,Tommy
2,Harry,Smith
x,Ben
1,Tommy
2,Harry,Smith
x,Ben
1,Tommy
2,Harry,Smith
x,Ben
1,Tommy
2,Harry,Smith
x,Ben
1,Tommy
2,Harry,Smith
x,Ben
1,Tommy
2,Harry,Smith
x,Ben
1,Tommy
2,Harry,Smith
x,Ben
1,Tommy
2,Harry,Smith
x,Ben
1,Tommy
2,Harry,Smith
x,Ben
1,Tommy
2,Harry,Smith
x,Ben
1,Tommy
2,Harry,Smith
x,Ben
1,Tommy
2,Harry,Smith
x,Ben
1,Tommy
2,Harry,Smith
x,Ben
1,Tommy
2,Harry,Smith
x,Ben
1,Tommy
2,Harry,Smith
x,Ben
1,Tommy
2,Harry,Smith
x,Ben
1,Tommy
2,Harry,Smith
x,Ben
1,Tommy
2,Harry,Smith
x,Ben
1,Tommy
2,Harry,Smith
x,Ben
1,Tommy
2,Harry,Smith
x,Ben
1,Tommy
2,Harry,Smith
x,Ben
1,Tommy
2,Harry,Smith
x,Ben
1,Tommy
2,Harry,Smith
x,Ben
1,Tommy
2,Harry,Smith
x,Ben
1,Tommy
2,Harry,Smith
x,Ben
1,Tommy
2,Harry,Smith
x,Ben
1,Tommy
2,Harry,Smith
x,Ben
1,Tommy
2,Harry,Smith
x,Ben
1,Tommy
2,Harry,Smith
x,Ben
1,Tommy
2,Harry,Smith
x,Ben
1,Tommy
2,Harry,Smith
x,Ben
1,Tommy
2,Harry,Smith
x,Ben
1,Tommy
2,Harry,Smith
x,Ben
1,Tommy
2,Harry,Smith
x,Ben
1,Tommy
2,Harry,Smith
x,Ben
1,Tommy
2,Harry,Smith
x,Ben
1,Tommy
2,Harry,Smith
x,Ben
1,Tommy
2,Harry,Smith
x,Ben
1,Tommy
2,Harry,Smith
x,Ben
1,Tommy
2,Harry,Smith
x,Ben
1,Tommy
2,Harry,Smith
x,Ben
1,Tommy
2,Harry,Smith
x,Ben
1,Tommy
2,Harry,Smith
x,Ben
1,Tommy
2,Harry,Smith
x,Ben
1,Tommy
2,Harry,Smith
x,Ben
1,Tommy
2,Harry,Smith
x,Ben
1,Tommy
2,Harry,Smith
x,Ben
1,Tommy
2,Harry,Smith
x,Ben
1,Tommy
2,Harry,Smith
x,Ben
1,Tommy
2,Harry,Smith
x,Ben
1,Tommy
2,Harry,Smith
x,Ben
1,Tommy
2,Harry,Smith
x,Ben
1,Tommy
2,Harry,Smith
x,Ben
1,Tommy
2,Harry,Smith
x,Ben
1,Tommy
2,Harry,Smith
x,Ben
1,Tommy
2,Harry,Smith
x,Ben
1,Tommy
2,Harry,Smith
x,Ben
1,Tommy
2,Harry,Smith
x,Ben
1,Tommy
2,Harry,Smith
x,Ben
1,Tommy
2,Harry,Smith
x,Ben
1,Tommy
2,Harry,Smith
x,Ben
1,Tommy
2,Harry,Smith
x,Ben
1,Tommy
2,Harry,Smith
x,Ben
1,Tommy
2,Harry,Smith
x,Ben
1,Tommy
2,Harry,Smith
x,Ben
1,Tommy
2,Harry,Smith
x,Ben
1,Tommy
2,Harry,Smith
x,Ben
1,Tommy
2,Harry,Smith
x,Ben
1,Tommy
2,Harry,Smith
x,Ben
1,Tommy
2,Harry,Smith
x,Ben
1,Tommy
2,Harry,Smith
x,Ben
1,Tommy
2,Harry,Smith
x,Ben
1,Tommy
2,Harry,Smith
x,Ben
1,Tommy
2,Harry,Smith
x,Ben
1,Tommy
2,Harry,Smith
x,Ben
1,Tommy
2,Harry,Smith
x,Ben
1,Tommy
2,Harry,Smith
x,Ben
1,Tommy
2,Harry,Smith
x,Ben
1,Tommy
2,Harry,Smith
x,Ben
1,Tommy
2,Harry,Smith
x,Ben
1,Tommy
2,Harry,Smith
x,Ben
1,Tommy
2,Harry,Smith
x,Ben
1,Tommy
2,Harry,Smith
x,Ben
1,Tommy
2,Harry,Smith
x,Ben
1,Tommy
2,Harry,Smith
x,Ben
1,Tommy
2,Harry,Smith
x,Ben
1,Tommy
2,Harry,Smith
x,Ben
1,Tommy
2,Harry,Smith
x,Ben
1,Tommy
2,Harry,Smith
x,Ben
1,Tommy
2,Harry,Smith
x,Ben
1,Tommy
2,Harry,Smith
x,Ben
1,Tommy
2,Harry,Smith
x,Ben
1,Tommy
2,Harry,Smith
x,Ben
1,Tommy
2,Harry,Smith
x,Ben
1,Tommy
2,Harry,Smith
x,Ben
1,Tommy
2,Harry,Smith
x,Ben
1,Tommy
2,Harry,Smith
x,Ben
1,Tommy
2,Harry,Smith
x,Ben
1,Tommy
2,Harry,Smith
x,Ben
1,Tommy
2,Harry,Smith
x,Ben
1,Tommy
2,Harry,Smith
x,Ben
1,Tommy
2,Harry,Smith
x,Ben
1,Tommy
2,Harry,Smith
x,Ben
1,Tommy
2,Harry,Smith
x,Ben
1,Tommy
2,Harry,Smith
x,Ben
1,Tommy
2,Harry,Smith
x,Ben
1,Tommy
2,Harry,Smith
x,Ben
1,Tommy
2,Harry,Smith
x,Ben
1,Tommy
2,Harry,Smith
x,Ben
1,Tommy
2,Harry,Smith
x,Ben
1,Tommy
2,Harry,Smith
x,Ben
1,Tommy
2,Harry,Smith
x,Ben
1,Tommy
2,Harry,Smith
x,Ben
1,Tommy
2,Harry,Smith
x,Ben
1,Tommy
2,Harry,Smith
x,Ben
1,Tommy
2,Harry,Smith
x,Ben
1,Tommy
2,Harry,Smith
x,Ben
1,Tommy
2,Harry,Smith
x,Ben
1,Tommy
2,Harry,Smith
x,Ben
1,Tommy
2,Harry,Smith
x,Ben
1,Tommy
2,Harry,Smith
x,Ben
1,Tommy
2,Harry,Smith
x,Ben
1,Tommy
2,Harry,Smith
x,Ben
1,Tommy
2,Harry,Smith
x,Ben
1,Tommy
2,Harry,Smith
x,Ben
1,Tommy
2,Harry,Smith
x,Ben
1,Tommy
2,Harry,Smith
x,Ben
1,Tommy
2,Harry,Smith
x,Ben
1,Tommy
2,Harry,Smith
x,Ben
1,Tommy
2,Harry,Smith
x,Ben
1,Tommy
2,Harry,Smith
x,Ben
1,Tommy
2,Harry,Smith
x,Ben
1,Tommy
2,Harry,Smith
x,Ben
1,Tommy
2,Harry,Smith
x,Ben
1,Tommy
2,Harry,Smith
x,Ben
1,Tommy
2,Harry,Smith
x,Ben
1,Tommy
2,Harry,Smith
x,Ben
1,Tommy
2,Harry,Smith
x,Ben
1,Tommy
2,Harry,Smith
x,Ben
1,Tommy
2,Harry,Smith
x,Ben
1,Tommy
2,Harry,Smith
x,Ben
1,Tommy
2,Harry,Smith
x,Ben
1,Tommy
2,Harry,Smith
x,Ben
1,Tommy
2,Harry,Smith
x,Ben
1,Tommy
2,Harry,Smith
x,Ben
1,Tommy
2,Harry,Smith
x,Ben
1,Tommy
2,Harry,Smith
x,Ben
1,Tommy
2,Harry,Smith
x,Ben
1,Tommy
2,Harry,Smith
x,Ben
1,Tommy
2,Harry,Smith
x,Ben
1,Tommy
2,Harry,Smith
x,Ben
1,Tommy
2,Harry,Smith
x,Ben
1,Tommy
2,Harry,Smith
x,Ben
1,Tommy
2,Harry,Smith
x,Ben
1,Tommy
2,Harry,Smith
x,Ben
1,Tommy
2,Harry,Smith
x,Ben
1,Tommy
2,Harry,Smith
x,Ben
1,Tommy
2,Harry,Smith
x,Ben
1,Tommy
2,Harry,Smith
x,Ben
1,Tommy
2,Harry,Smith
x,Ben
1,Tommy
2,Harry,Smith
x,Ben
1,Tommy
2,Harry,Smith
x,Ben
1,Tommy
2,Harry,Smith
x,Ben
1,Tommy
2,Harry,Smith
x,Ben
1,Tommy
2,Harry,Smith
x,Ben
1,Tommy
2,Harry,Smith
x,Ben
1,Tommy
2,Harry,Smith
x,Ben
1,Tommy
2,Harry,Smith
x,Ben
1,Tommy
2,Harry,Smith
x,Ben
1,Tommy
2,Harry,Smith
x,Ben
1,Tommy
2,Harry,Smith
x,Ben
1,Tommy
2,Harry,Smith
x,Ben
1,Tommy
2,Harry,Smith
x,Ben
1,Tommy
2,Harry,Smith
x,Ben
1,Tommy
2,Harry,Smith
x,Ben
1,Tommy
2,Harry,Smith
x,Ben
1,Tommy
2,Harry,Smith
x,Ben
1,Tommy
2,Harry,Smith
x,Ben
1,Tommy
2,Harry,Smith
x,Ben
1,Tommy
2,Harry,Smith
x,Ben
1,Tommy
2,Harry,Smith
x,Ben
1,Tommy
2,Harry,Smith
x,Ben
1,Tommy
2,Harry,Smith
x,Ben
1,Tommy
2,Harry,Smith
x,Ben
1,Tommy
2,Harry,Smith
x,Ben
1,Tommy
2,Harry,Smith
x,Ben
1,Tommy
2,Harry,Smith
x,Ben
1,Tommy
2,Harry,Smith
x,Ben
1,Tommy
2,Harry,Smith
x,Ben
1,Tommy
2,Harry,Smith
x,Ben
1,Tommy
2,Harry,Smith
x,Ben
1,Tommy
2,Harry,Smith
x,Ben
1,Tommy
2,Harry,Smith
x,Ben
1,Tommy
2,Harry,Smith
x,Ben
1,Tommy
2,Harry,Smith
x,Ben
1,Tommy
2,Harry,Smith
x,Ben
1,Tommy
2,Harry,Smith
x,Ben
1,Tommy
2,Harry,Smith
x,Ben
1,Tommy
2,Harry,Smith
x,Ben
1,Tommy
2,Harry,Smith
x,Ben
1,Tommy
2,Harry,Smith
x,Ben
1,Tommy
2,Harry,Smith
x,Ben
1,Tommy
2,Harry,Smith
x,Ben
1,Tommy
2,Harry,Smith
x,Ben
1,Tommy
2,Harry,Smith
x,Ben
1,Tommy
2,Harry,Smith
x,Ben
1,Tommy
2,Harry,Smith
x,Ben
1,Tommy
2,Harry,Smith
x,Ben
1,Tommy
2,Harry,Smith
x,Ben
1,Tommy
2,Harry,Smith
x,Ben
1,Tommy
2,Harry,Smith
x,Ben
1,Tommy
2,Harry,Smith
x,Ben
1,Tommy
2,Harry,Smith
x,Ben
1,Tommy
2,Harry,Smith
x,Ben
1,Tommy
2,Harry,Smith
x,Ben
1,Tommy
2,Harry,Smith
x,Ben
1,Tommy
2,Harry,Smith
x,Ben
1,Tommy
2,Harry,Smith
x,Ben
1,Tommy
2,Harry,Smith
x,Ben
1,Tommy
2,Harry,Smith
x,Ben
1,Tommy
2,Harry,Smith
x,Ben
1,Tommy
2,Harry,Smith
x,Ben
1,Tommy
2,Harry,Smith
x,Ben
1,Tommy
2,Harry,Smith
x,Ben
1,Tommy
2,Harry,Smith
x,Ben
1,Tommy
2,Harry,Smith
x,Ben
1,Tommy
2,Harry,Smith
x,Ben
1,Tommy
2,Harry,Smith
x,Ben
1,Tommy
2,Harry,Smith
x,Ben
1,Tommy
2,Harry,Smith
x,Ben
1,Tommy
2,Harry,Smith
x,Ben
1,Tommy
2,Harry,Smith
x,Ben
1,Tommy
2,Harry,Smith
x,Ben
1,Tommy
2,Harry,Smith
x,Ben
1,Tommy
2,Harry,Smith
x,Ben
1,Tommy
2,Harry,Smith
x,Ben
1,Tommy
2,Harry,Smith
x,Ben
1,Tommy
2,Harry,Smith
x,Ben
1,Tommy
2,Harry,Smith
x,Ben
1,Tommy
2,Harry,Smith
x,Ben
1,Tommy
2,Harry,Smith
x,Ben
1,Tommy
2,Harry,Smith
x,Ben
1,Tommy
2,Harry,Smith
x,Ben
1,Tommy
2,Harry,Smith
x,Ben
1,Tommy
2,Harry,Smith
x,Ben
1,Tommy
2,Harry,Smith
x,Ben
1,Tommy
2,Harry,Smith
x,Ben
1,Tommy
2,Harry,Smith
x,Ben
1,Tommy
2,Harry,Smith
x,Ben
1,Tommy
2,Harry,Smith
x,Ben
1,Tommy
2,Harry,Smith
x,Ben
1,Tommy
2,Harry,Smith
x,Ben
1,Tommy
2,Harry,Smith
x,Ben
1,Tommy
2,Harry,Smith
x,Ben
1,Tommy
2,Harry,Smith
x,Ben
1,Tommy
2,Harry,Smith
x,Ben
1,Tommy
2,Harry,Smith
x,Ben
1,Tommy
2,Harry,Smith
x,Ben
1,Tommy
2,Harry,Smith
x,Ben
1,Tommy
2,Harry,Smith
x,Ben
1,Tommy
2,Harry,Smith
x,Ben
1,Tommy
2,Harry,Smith
x,Ben
1,Tommy
2,Harry,Smith
x,Ben
1,Tommy
2,Harry,Smith
x,Ben
1,Tommy
2,Harry,Smith
x,Ben
1,Tommy
2,Harry,Smith
x,Ben
1,Tommy
2,Harry,Smith
x,Ben
1,Tommy
2,Harry,Smith
x,Ben
1,Tommy
2,Harry,Smith
x,Ben
1,Tommy
2,Harry,Smith
x,Ben
1,Tommy
2,Harry,Smith
x,Ben
1,Tommy
2,Harry,Smith
x,Ben
1,Tommy
2,Harry,Smith
x,Ben
1,Tommy
2,Harry,Smith
x,Ben
1,Tommy
2,Harry,Smith
x,Ben
1,Tommy
2,Harry,Smith
x,Ben
1,Tommy
2,Harry,Smith
x,Ben
1,Tommy
2,Harry,Smith
x,Ben
1,Tommy
2,Harry,Smith
x,Ben
1,Tommy
2,Harry,Smith
x,Ben
1,Tommy
2,Harry,Smith
x,Ben
1,Tommy
2,Harry,Smith
x,Ben
1,Tommy
2,Harry,Smith
x,Ben
1,Tommy
2,Harry,Smith
x,Ben
1,Tommy
2,Harry,Smith
x,Ben
1,Tommy
2,Harry,Smith
x,Ben
1,Tommy
2,Harry,Smith
x,Ben
1,Tommy
2,Harry,Smith
x,Ben
1,Tommy
2,Harry,Smith
x,Ben
1,Tommy
2,Harry,Smith
x,Ben
1,Tommy
2,Harry,Smith
x,Ben
1,Tommy
2,Harry,Smith
x,Ben
1,Tommy
2,Harry,Smith